,nmf__alpha,nmf__n_components,nmf__solver,rf__max_depth,rf__max_features,rf__min_samples_split,rf__n_estimators,rf__random_state
0.26230836067330354,1,6,cd,4,0.3,2,30,6
0.26929604642287636,1,6,cd,4,0.3,2,30,7
0.26734817721578935,1,6,cd,4,0.3,2,30,10
0.26875396570644094,1,6,cd,4,0.3,2,30,14
0.2684333274246526,1,6,cd,4,0.3,2,30,16
0.2667585266663527,1,6,cd,4,0.3,2,30,26
0.26328909349080876,1,6,cd,4,0.3,2,30,28
0.2657456799659234,1,6,cd,4,0.3,2,30,29
0.2664127311801873,1,6,cd,4,0.3,2,30,32
0.2680900143099695,1,6,cd,4,0.3,2,30,33
0.26963395789451955,1,6,cd,4,0.3,2,30,40
0.26044013924915316,1,6,cd,4,0.3,2,30,42
0.2682208478335912,1,6,cd,4,0.3,2,50,4
0.26871775265148606,1,6,cd,4,0.3,2,50,6
0.26570299396413016,1,6,cd,4,0.3,2,50,10
0.2681665195295545,1,6,cd,4,0.3,2,50,14
0.2687360025100283,1,6,cd,4,0.3,2,50,26
0.26379485884589055,1,6,cd,4,0.3,2,50,28
0.26928862819005844,1,6,cd,4,0.3,2,50,31
0.26198001416495703,1,6,cd,4,0.3,2,50,32
0.2681476748410231,1,6,cd,4,0.3,2,50,33
0.26571873780472083,1,6,cd,4,0.3,2,50,42
0.26749273852920474,1,6,cd,4,0.3,3,30,4
0.26553059364719495,1,6,cd,4,0.3,3,30,6
0.26970270238982147,1,6,cd,4,0.3,3,30,14
0.2681457525651454,1,6,cd,4,0.3,3,30,22
0.2580976979438409,1,6,cd,4,0.3,3,30,28
0.26555207408635,1,6,cd,4,0.3,3,30,33
0.2690708710461379,1,6,cd,4,0.3,3,30,40
0.26777941120901183,1,6,cd,4,0.3,3,30,42
0.26559095535663463,1,6,cd,4,0.3,3,30,49
0.26981431695032837,1,6,cd,4,0.3,3,50,5
0.26992382668692994,1,6,cd,4,0.3,3,50,10
0.26726597649084777,1,6,cd,4,0.3,3,50,14
0.26960540497456376,1,6,cd,4,0.3,3,50,20
0.26760041095764137,1,6,cd,4,0.3,3,50,22
0.2596086379557421,1,6,cd,4,0.3,3,50,28
0.26883498079253354,1,6,cd,4,0.3,3,50,31
0.2659190903813829,1,6,cd,4,0.3,3,50,32
0.2655549156089073,1,6,cd,4,0.3,3,50,33
0.2699121039670226,1,6,cd,4,0.3,3,50,42
0.2695399307170767,1,6,cd,4,0.3,3,50,49
0.26091834057565777,1,6,cd,4,0.5,2,30,6
0.2685216343051388,1,6,cd,4,0.5,2,30,9
0.2686933954525633,1,6,cd,4,0.5,2,30,32
0.2683653322721066,1,6,cd,4,0.5,2,50,6
0.2683034979450932,1,6,cd,4,0.5,2,50,9
0.26966706935905366,1,6,cd,4,0.5,2,50,31
0.2658191467281068,1,6,cd,4,0.5,2,50,32
0.25628380052207367,1,6,cd,4,0.5,3,30,6
0.268629173516171,1,6,cd,4,0.5,3,30,32
0.26776474786705223,1,6,cd,4,0.5,3,30,34
0.26524546617335104,1,6,cd,4,0.5,3,50,6
0.26524196592470883,1,6,cd,4,0.5,3,50,32
0.2684346415449615,1,6,cd,4,0.5,3,50,34
0.26823306943978115,1,6,cd,5,0.3,2,30,2
0.25397791029310934,1,6,cd,5,0.3,2,30,6
0.2669669173669744,1,6,cd,5,0.3,2,30,7
0.2620313450399768,1,6,cd,5,0.3,2,30,10
0.2641522283699625,1,6,cd,5,0.3,2,30,12
0.2677447261927998,1,6,cd,5,0.3,2,30,15
0.26330280353026553,1,6,cd,5,0.3,2,30,17
0.26935293847007896,1,6,cd,5,0.3,2,30,24
0.2662597750177373,1,6,cd,5,0.3,2,30,26
0.2652701078201117,1,6,cd,5,0.3,2,30,28
0.2633472809916468,1,6,cd,5,0.3,2,30,29
0.2687374522543177,1,6,cd,5,0.3,2,30,30
0.26002382680900776,1,6,cd,5,0.3,2,30,32
0.25812599169329736,1,6,cd,5,0.3,2,30,33
0.26698905044987764,1,6,cd,5,0.3,2,30,36
0.2692029573981125,1,6,cd,5,0.3,2,30,37
0.26718269072841017,1,6,cd,5,0.3,2,30,42
0.26896033087092236,1,6,cd,5,0.3,2,30,44
0.2632670544433065,1,6,cd,5,0.3,2,30,49
0.26937923357742327,1,6,cd,5,0.3,2,30,50
0.2681810043709941,1,6,cd,5,0.3,2,50,2
0.2632923595634617,1,6,cd,5,0.3,2,50,6
0.2639656511104104,1,6,cd,5,0.3,2,50,7
0.2626101469519371,1,6,cd,5,0.3,2,50,10
0.2670960371768498,1,6,cd,5,0.3,2,50,12
0.2662110726193515,1,6,cd,5,0.3,2,50,14
0.26741938510703595,1,6,cd,5,0.3,2,50,15
0.2636176244724422,1,6,cd,5,0.3,2,50,17
0.26711379193278806,1,6,cd,5,0.3,2,50,22
0.26973613796870816,1,6,cd,5,0.3,2,50,24
0.26278592180721894,1,6,cd,5,0.3,2,50,26
0.2636676151706777,1,6,cd,5,0.3,2,50,28
0.2608822278267953,1,6,cd,5,0.3,2,50,30
0.2662043371586586,1,6,cd,5,0.3,2,50,31
0.25883364579758317,1,6,cd,5,0.3,2,50,32
0.26533280507959484,1,6,cd,5,0.3,2,50,33
0.2670803131489229,1,6,cd,5,0.3,2,50,34
0.26968135368875384,1,6,cd,5,0.3,2,50,36
0.2665165975585202,1,6,cd,5,0.3,2,50,37
0.26834259141682887,1,6,cd,5,0.3,2,50,42
0.2628633253508648,1,6,cd,5,0.3,2,50,44
0.26651263187647495,1,6,cd,5,0.3,3,30,1
0.2643898825173287,1,6,cd,5,0.3,3,30,6
0.2650345526380918,1,6,cd,5,0.3,3,30,7
0.2625614710392741,1,6,cd,5,0.3,3,30,15
0.2639163333857636,1,6,cd,5,0.3,3,30,16
0.2699731355422354,1,6,cd,5,0.3,3,30,24
0.267523556349101,1,6,cd,5,0.3,3,30,26
0.2638769126079761,1,6,cd,5,0.3,3,30,28
0.2637797214626423,1,6,cd,5,0.3,3,30,29
0.26082922735284225,1,6,cd,5,0.3,3,30,31
0.25864718643656787,1,6,cd,5,0.3,3,30,32
0.2627228802749703,1,6,cd,5,0.3,3,30,33
0.2631147920353561,1,6,cd,5,0.3,3,30,40
0.26710453795942285,1,6,cd,5,0.3,3,30,42
0.269498785231421,1,6,cd,5,0.3,3,30,43
0.26628678619621526,1,6,cd,5,0.3,3,30,44
0.26867592847166333,1,6,cd,5,0.3,3,30,46
0.26571848616885824,1,6,cd,5,0.3,3,30,48
0.2620606531674486,1,6,cd,5,0.3,3,30,49
0.26983849900280477,1,6,cd,5,0.3,3,50,1
0.2650566222526166,1,6,cd,5,0.3,3,50,6
0.2649074543360258,1,6,cd,5,0.3,3,50,7
0.26905905553983145,1,6,cd,5,0.3,3,50,10
0.2688356473635432,1,6,cd,5,0.3,3,50,13
0.26409265330397175,1,6,cd,5,0.3,3,50,15
0.2692892366547343,1,6,cd,5,0.3,3,50,16
0.2678065737123929,1,6,cd,5,0.3,3,50,17
0.26539813971384074,1,6,cd,5,0.3,3,50,22
0.26787912668277736,1,6,cd,5,0.3,3,50,26
0.26176975051500767,1,6,cd,5,0.3,3,50,28
0.26433151528956084,1,6,cd,5,0.3,3,50,30
0.25512930309158355,1,6,cd,5,0.3,3,50,31
0.25410735733884277,1,6,cd,5,0.3,3,50,32
0.2628114454263764,1,6,cd,5,0.3,3,50,33
0.26971649529403807,1,6,cd,5,0.3,3,50,36
0.2689770862309711,1,6,cd,5,0.3,3,50,37
0.2680670799553109,1,6,cd,5,0.3,3,50,42
0.26806428467783555,1,6,cd,5,0.3,3,50,43
0.26130721333254114,1,6,cd,5,0.3,3,50,44
0.2651682518885125,1,6,cd,5,0.3,3,50,46
0.2668364144967284,1,6,cd,5,0.3,3,50,47
0.2699758058718098,1,6,cd,5,0.3,3,50,49
0.2678297210766257,1,6,cd,5,0.5,2,30,12
0.25939612224220154,1,6,cd,5,0.5,2,30,15
0.2592846056661721,1,6,cd,5,0.5,2,30,32
0.26413576471421224,1,6,cd,5,0.5,2,30,34
0.26877553477081767,1,6,cd,5,0.5,2,50,24
0.2639221293321373,1,6,cd,5,0.5,2,50,32
0.2673111126021069,1,6,cd,5,0.5,2,50,34
0.26919660947663687,1,6,cd,5,0.5,2,50,49
0.26655875159487186,1,6,cd,5,0.5,3,30,6
0.26666751110841597,1,6,cd,5,0.5,3,30,15
0.26721851831725985,1,6,cd,5,0.5,3,30,24
0.2689091824831824,1,6,cd,5,0.5,3,30,34
0.26901718349385567,1,6,cd,5,0.5,3,50,24
0.26392987456025513,1,6,cd,5,0.5,3,50,32
0.2685272567225946,1,6,cd,5,0.5,3,50,34
0.26910208172005423,1,7,cd,4,0.3,2,30,5
0.2682300894467605,1,7,cd,4,0.3,2,30,27
0.26894473774616484,1,7,cd,4,0.3,2,30,35
0.26925531375986633,1,7,cd,4,0.3,2,50,5
0.26150140268193434,1,7,cd,4,0.3,2,50,9
0.2671391610079707,1,7,cd,4,0.3,2,50,26
0.26871655352153745,1,7,cd,4,0.3,2,50,35
0.2683720168879202,1,7,cd,4,0.3,3,30,5
0.26928198104391077,1,7,cd,4,0.3,3,30,24
0.2691927372221001,1,7,cd,4,0.3,3,30,35
0.26862770814017456,1,7,cd,4,0.3,3,30,38
0.26740259502208413,1,7,cd,4,0.3,3,50,5
0.266630384236807,1,7,cd,4,0.3,3,50,9
0.26724382714920863,1,7,cd,4,0.3,3,50,24
0.2696098910545599,1,7,cd,4,0.3,3,50,31
0.26334498951209895,1,7,cd,4,0.5,2,30,6
0.2697823236175261,1,7,cd,4,0.5,2,30,7
0.267319034053646,1,7,cd,4,0.5,2,30,33
0.26966803262923345,1,7,cd,4,0.5,2,50,33
0.26615391504521063,1,7,cd,4,0.5,3,30,6
0.2690159688847022,1,7,cd,4,0.5,3,30,31
0.2669248481050859,1,7,cd,4,0.5,3,30,33
0.2680920458991296,1,7,cd,4,0.5,3,50,33
0.25666501662277513,1,7,cd,5,0.3,2,30,5
0.26671524664824753,1,7,cd,5,0.3,2,30,7
0.264192233205864,1,7,cd,5,0.3,2,30,12
0.26962092791128356,1,7,cd,5,0.3,2,30,26
0.2697190104801113,1,7,cd,5,0.3,2,30,33
0.2663463522320165,1,7,cd,5,0.3,2,30,35
0.2692354136038198,1,7,cd,5,0.3,2,30,38
0.2623073672204914,1,7,cd,5,0.3,2,50,5
0.2687845194490334,1,7,cd,5,0.3,2,50,9
0.2666536399947817,1,7,cd,5,0.3,2,50,12
0.268947312758199,1,7,cd,5,0.3,2,50,14
0.266378210173207,1,7,cd,5,0.3,2,50,26
0.2683435866882864,1,7,cd,5,0.3,2,50,31
0.26850932990519794,1,7,cd,5,0.3,2,50,32
0.26486762529043134,1,7,cd,5,0.3,2,50,35
0.25741722336458767,1,7,cd,5,0.3,3,30,5
0.26933712382884245,1,7,cd,5,0.3,3,30,7
0.26887126989125687,1,7,cd,5,0.3,3,30,14
0.2636631388899138,1,7,cd,5,0.3,3,30,26
0.26971615227317397,1,7,cd,5,0.3,3,30,31
0.26645826349469,1,7,cd,5,0.3,3,30,35
0.2686221762451316,1,7,cd,5,0.3,3,30,45
0.2691570518395242,1,7,cd,5,0.3,3,50,2
0.2595858539468747,1,7,cd,5,0.3,3,50,5
0.26394609065833163,1,7,cd,5,0.3,3,50,9
0.26955532091562884,1,7,cd,5,0.3,3,50,14
0.2646050483730139,1,7,cd,5,0.3,3,50,26
0.26765342297819017,1,7,cd,5,0.3,3,50,31
0.2657817458453814,1,7,cd,5,0.3,3,50,35
0.2670177926632065,1,7,cd,5,0.5,2,30,6
0.2676005220762698,1,7,cd,5,0.5,2,30,33
0.2663386055336192,1,7,cd,5,0.5,3,30,6
0.26965050744656477,1,7,cd,5,0.5,3,30,12
0.2680606718973504,1,7,cd,5,0.5,3,30,33
0.26999305885226743,1,7,cd,5,0.5,3,30,43
0.2678312509032264,2,5,cd,4,0.3,2,30,7
0.2628765728670752,2,5,cd,4,0.3,2,30,31
0.2634683361418762,2,5,cd,4,0.3,2,50,31
0.26883030534188446,2,5,cd,4,0.3,2,50,32
0.26529502484387013,2,5,cd,4,0.3,3,30,31
0.2667127632136521,2,5,cd,4,0.3,3,30,37
0.26963722018467934,2,5,cd,4,0.3,3,50,10
0.2651680824080895,2,5,cd,4,0.3,3,50,31
0.26923012952749015,2,5,cd,4,0.3,3,50,35
0.2696220273971712,2,5,cd,4,0.5,2,50,22
0.2661663833670492,2,5,cd,4,0.5,3,30,6
0.2699861239340094,2,5,cd,4,0.5,3,30,9
0.2694100251698294,2,5,cd,4,0.5,3,30,24
0.26621369642654213,2,5,cd,4,0.5,3,30,33
0.2682908618225671,2,5,cd,5,0.3,2,30,6
0.26815599731997075,2,5,cd,5,0.3,2,30,17
0.26799803544105966,2,5,cd,5,0.3,2,30,24
0.2658834336738189,2,5,cd,5,0.3,2,30,31
0.2683779011452312,2,5,cd,5,0.3,2,30,40
0.266519417311274,2,5,cd,5,0.3,2,30,45
0.26972236295826385,2,5,cd,5,0.3,2,30,46
0.2683644934155036,2,5,cd,5,0.3,2,50,5
0.269140281894225,2,5,cd,5,0.3,2,50,20
0.26736148232596463,2,5,cd,5,0.3,2,50,24
0.26253712211370683,2,5,cd,5,0.3,2,50,31
0.26827213982745385,2,5,cd,5,0.3,2,50,40
0.26977704956363724,2,5,cd,5,0.3,2,50,45
0.26703916843539544,2,5,cd,5,0.3,3,30,1
0.2680094117735472,2,5,cd,5,0.3,3,30,3
0.2696929802760435,2,5,cd,5,0.3,3,30,6
0.26415538134152033,2,5,cd,5,0.3,3,30,18
0.26726472890550157,2,5,cd,5,0.3,3,50,1
0.2683982987676527,2,5,cd,5,0.3,3,50,3
0.2670483770286672,2,5,cd,5,0.3,3,50,31
0.26859932197177755,2,5,cd,5,0.3,3,50,32
0.2693119917915892,2,5,cd,5,0.3,3,50,35
0.26898067012387405,2,5,cd,5,0.3,3,50,36
0.26838163271650045,2,5,cd,5,0.3,3,50,37
0.2668313084357239,2,5,cd,5,0.5,2,30,6
0.26933406565632473,2,5,cd,5,0.5,3,30,6
0.26561850030525713,2,5,cd,5,0.5,3,30,31
0.26898618665476187,2,5,cd,5,0.5,3,30,50
0.2660727630465269,2,5,cd,5,0.5,3,50,31
0.26994282607132075,2,5,cd,5,0.5,3,50,50
0.26913012321216956,2,6,cd,4,0.3,2,30,7
0.2678390375791214,2,6,cd,4,0.3,2,30,15
0.26919598885990315,2,6,cd,4,0.3,2,30,21
0.26503555991831906,2,6,cd,4,0.3,2,30,33
0.26834305640458583,2,6,cd,4,0.3,2,30,46
0.26977272704950245,2,6,cd,4,0.3,2,50,36
0.26932683350397724,2,6,cd,4,0.3,2,50,47
0.25827486405091954,2,6,cd,4,0.3,3,30,7
0.2689477002360773,2,6,cd,4,0.3,3,30,15
0.26517165217414795,2,6,cd,4,0.3,3,30,20
0.2656814236339668,2,6,cd,4,0.3,3,30,21
0.26967179609388847,2,6,cd,4,0.3,3,30,26
0.2676870866539375,2,6,cd,4,0.3,3,30,33
0.2691700789806673,2,6,cd,4,0.3,3,30,34
0.26997035972977496,2,6,cd,4,0.3,3,30,44
0.2645311910813525,2,6,cd,4,0.3,3,30,46
0.2693241393710257,2,6,cd,4,0.3,3,50,10
0.2675157817228305,2,6,cd,4,0.3,3,50,20
0.26930307543678034,2,6,cd,4,0.3,3,50,44
0.267435285991299,2,6,cd,4,0.3,3,50,46
0.2685445364949885,2,6,cd,4,0.5,2,30,6
0.26904600052506195,2,6,cd,4,0.5,2,30,20
0.2619862718452371,2,6,cd,4,0.5,2,30,49
0.265686034649142,2,6,cd,4,0.5,2,50,49
0.26889092676671306,2,6,cd,4,0.5,3,30,12
0.2617466674408643,2,6,cd,4,0.5,3,30,20
0.2651512379820377,2,6,cd,4,0.5,3,30,49
0.26934618071060124,2,6,cd,4,0.5,3,50,12
0.2677021948219543,2,6,cd,4,0.5,3,50,20
0.2685743110036684,2,6,cd,4,0.5,3,50,49
0.2646732128770383,2,6,cd,5,0.3,2,30,6
0.26463058549709756,2,6,cd,5,0.3,2,30,7
0.2688785468173688,2,6,cd,5,0.3,2,30,9
0.2623874212603042,2,6,cd,5,0.3,2,30,25
0.2682334667959908,2,6,cd,5,0.3,2,30,26
0.2618557927165747,2,6,cd,5,0.3,2,30,33
0.26708947362987273,2,6,cd,5,0.3,2,30,35
0.2694431203742466,2,6,cd,5,0.3,2,30,49
0.26606866697004244,2,6,cd,5,0.3,2,50,2
0.2673296139190398,2,6,cd,5,0.3,2,50,6
0.26734497940664637,2,6,cd,5,0.3,2,50,9
0.2666397179863451,2,6,cd,5,0.3,2,50,14
0.2676825130638311,2,6,cd,5,0.3,2,50,17
0.2683653887607032,2,6,cd,5,0.3,2,50,24
0.26520551914844087,2,6,cd,5,0.3,2,50,25
0.2611042473452577,2,6,cd,5,0.3,2,50,35
0.2650003895288933,2,6,cd,5,0.3,2,50,49
0.26913904057574306,2,6,cd,5,0.3,3,30,6
0.26325361962791766,2,6,cd,5,0.3,3,30,7
0.2644901485021465,2,6,cd,5,0.3,3,30,9
0.26985981601496345,2,6,cd,5,0.3,3,30,10
0.26883740339006146,2,6,cd,5,0.3,3,30,14
0.269960449398696,2,6,cd,5,0.3,3,30,15
0.2684416521406689,2,6,cd,5,0.3,3,30,17
0.26586400497863494,2,6,cd,5,0.3,3,30,21
0.2658292938608536,2,6,cd,5,0.3,3,30,24
0.2682965022618034,2,6,cd,5,0.3,3,30,25
0.26721525316136874,2,6,cd,5,0.3,3,30,26
0.267223022655217,2,6,cd,5,0.3,3,30,32
0.2597239301213449,2,6,cd,5,0.3,3,30,33
0.26957445479706704,2,6,cd,5,0.3,3,30,42
0.26494295101554316,2,6,cd,5,0.3,3,30,43
0.26364520949555076,2,6,cd,5,0.3,3,30,44
0.26332562182100866,2,6,cd,5,0.3,3,30,46
0.26673459044822406,2,6,cd,5,0.3,3,30,48
0.2693470907030204,2,6,cd,5,0.3,3,30,49
0.2665118350230847,2,6,cd,5,0.3,3,50,2
0.2680549989753747,2,6,cd,5,0.3,3,50,7
0.2655591760972569,2,6,cd,5,0.3,3,50,9
0.26708889608367303,2,6,cd,5,0.3,3,50,10
0.26949294902103116,2,6,cd,5,0.3,3,50,13
0.2653525913860084,2,6,cd,5,0.3,3,50,14
0.26323188881959353,2,6,cd,5,0.3,3,50,17
0.2684009021113054,2,6,cd,5,0.3,3,50,20
0.269170386643431,2,6,cd,5,0.3,3,50,24
0.26819468245393224,2,6,cd,5,0.3,3,50,32
0.2697955035082543,2,6,cd,5,0.3,3,50,33
0.26705071282801024,2,6,cd,5,0.3,3,50,36
0.2672811919655169,2,6,cd,5,0.3,3,50,43
0.2642538698588578,2,6,cd,5,0.3,3,50,44
0.26432929414364237,2,6,cd,5,0.3,3,50,46
0.2681781445057731,2,6,cd,5,0.3,3,50,48
0.2695087995565014,2,6,cd,5,0.3,3,50,49
0.26822183766824415,2,6,cd,5,0.5,2,30,4
0.26877017155914273,2,6,cd,5,0.5,2,30,10
0.26522146760398885,2,6,cd,5,0.5,2,30,15
0.2643005769878739,2,6,cd,5,0.5,2,30,49
0.26902468260808704,2,6,cd,5,0.5,2,50,2
0.2690245211951379,2,6,cd,5,0.5,2,50,10
0.2656603362686573,2,6,cd,5,0.5,2,50,15
0.26817426641375686,2,6,cd,5,0.5,2,50,49
0.26960737307795923,2,6,cd,5,0.5,3,30,12
0.26798542298937417,2,6,cd,5,0.5,3,30,15
0.26540160312844174,2,6,cd,5,0.5,3,30,20
0.2697704086612395,2,6,cd,5,0.5,3,30,22
0.26613905384453634,2,6,cd,5,0.5,3,30,49
0.26870069561879223,2,6,cd,5,0.5,3,50,15
0.26808793644746237,2,6,cd,5,0.5,3,50,20
0.26905159110372917,2,6,cd,5,0.5,3,50,27
0.26576773486223715,2,6,cd,5,0.5,3,50,32
0.26945533364543617,2,6,cd,5,0.5,3,50,49
0.2665336426727018,2,7,cd,4,0.3,2,30,2
0.2637433096147457,2,7,cd,4,0.3,2,30,4
0.2645170598637975,2,7,cd,4,0.3,2,30,5
0.25658028340156624,2,7,cd,4,0.3,2,30,6
0.2693047368684232,2,7,cd,4,0.3,2,30,7
0.2692703037490444,2,7,cd,4,0.3,2,30,9
0.2617777773997983,2,7,cd,4,0.3,2,30,12
0.269395019952629,2,7,cd,4,0.3,2,30,13
0.266376184077233,2,7,cd,4,0.3,2,30,15
0.25493747136284695,2,7,cd,4,0.3,2,30,17
0.2693921812019491,2,7,cd,4,0.3,2,30,18
0.26528814838237846,2,7,cd,4,0.3,2,30,20
0.2602209937432402,2,7,cd,4,0.3,2,30,22
0.25782138901182083,2,7,cd,4,0.3,2,30,24
0.26253515897334123,2,7,cd,4,0.3,2,30,26
0.26775224422264526,2,7,cd,4,0.3,2,30,28
0.2663233285813549,2,7,cd,4,0.3,2,30,32
0.26969396561227793,2,7,cd,4,0.3,2,30,33
0.26321074245063913,2,7,cd,4,0.3,2,30,34
0.26580456278868736,2,7,cd,4,0.3,2,30,35
0.2617901669363751,2,7,cd,4,0.3,2,30,36
0.2624335567964072,2,7,cd,4,0.3,2,30,37
0.26064570035068724,2,7,cd,4,0.3,2,30,39
0.2622860395715961,2,7,cd,4,0.3,2,30,41
0.26980238854818506,2,7,cd,4,0.3,2,30,43
0.26839498093468683,2,7,cd,4,0.3,2,30,44
0.2663015473963414,2,7,cd,4,0.3,2,30,47
0.26214810045721293,2,7,cd,4,0.3,2,30,48
0.2644261048879161,2,7,cd,4,0.3,2,30,50
0.2684976162102006,2,7,cd,4,0.3,2,50,1
0.26401275921456513,2,7,cd,4,0.3,2,50,2
0.2684857896998066,2,7,cd,4,0.3,2,50,3
0.2631210137272046,2,7,cd,4,0.3,2,50,4
0.2573351885278712,2,7,cd,4,0.3,2,50,5
0.2593249703807359,2,7,cd,4,0.3,2,50,6
0.26053036315270045,2,7,cd,4,0.3,2,50,7
0.269073067756496,2,7,cd,4,0.3,2,50,8
0.2663652506894006,2,7,cd,4,0.3,2,50,12
0.26095882483583877,2,7,cd,4,0.3,2,50,13
0.26294821403284674,2,7,cd,4,0.3,2,50,14
0.2649906945371584,2,7,cd,4,0.3,2,50,15
0.25562727703340593,2,7,cd,4,0.3,2,50,17
0.26772458786928227,2,7,cd,4,0.3,2,50,18
0.25926730942907883,2,7,cd,4,0.3,2,50,20
0.269134630251878,2,7,cd,4,0.3,2,50,21
0.26187980017630397,2,7,cd,4,0.3,2,50,22
0.2614374262412778,2,7,cd,4,0.3,2,50,24
0.2571627611112129,2,7,cd,4,0.3,2,50,26
0.26391007731955285,2,7,cd,4,0.3,2,50,28
0.2645904278763568,2,7,cd,4,0.3,2,50,32
0.2673863404860771,2,7,cd,4,0.3,2,50,34
0.2661737314726908,2,7,cd,4,0.3,2,50,35
0.26014952227760324,2,7,cd,4,0.3,2,50,36
0.2608184823903103,2,7,cd,4,0.3,2,50,37
0.26096204102459614,2,7,cd,4,0.3,2,50,39
0.2662898517268976,2,7,cd,4,0.3,2,50,40
0.26406334229172057,2,7,cd,4,0.3,2,50,41
0.26749814077504735,2,7,cd,4,0.3,2,50,43
0.2658672009755537,2,7,cd,4,0.3,2,50,44
0.26344907992660793,2,7,cd,4,0.3,2,50,47
0.2637957273695491,2,7,cd,4,0.3,2,50,48
0.2678470962067976,2,7,cd,4,0.3,2,50,50
0.2676913033201665,2,7,cd,4,0.3,3,30,2
0.2609414328159461,2,7,cd,4,0.3,3,30,4
0.2604666340367914,2,7,cd,4,0.3,3,30,5
0.25679820345482707,2,7,cd,4,0.3,3,30,6
0.26483454752784547,2,7,cd,4,0.3,3,30,7
0.26757046693552894,2,7,cd,4,0.3,3,30,9
0.2658886987854537,2,7,cd,4,0.3,3,30,10
0.264831457055945,2,7,cd,4,0.3,3,30,12
0.26422669329890375,2,7,cd,4,0.3,3,30,15
0.2678823876364153,2,7,cd,4,0.3,3,30,16
0.25626270889796166,2,7,cd,4,0.3,3,30,17
0.26361461330965347,2,7,cd,4,0.3,3,30,20
0.26519978099764935,2,7,cd,4,0.3,3,30,22
0.26020011555286593,2,7,cd,4,0.3,3,30,24
0.2623596088035709,2,7,cd,4,0.3,3,30,26
0.26791418878528805,2,7,cd,4,0.3,3,30,27
0.26904374347499177,2,7,cd,4,0.3,3,30,30
0.26589314802103714,2,7,cd,4,0.3,3,30,33
0.2635792884050881,2,7,cd,4,0.3,3,30,34
0.26721600649302696,2,7,cd,4,0.3,3,30,35
0.2595840734521677,2,7,cd,4,0.3,3,30,36
0.26808352829841925,2,7,cd,4,0.3,3,30,37
0.26018774407782674,2,7,cd,4,0.3,3,30,39
0.26366092869326646,2,7,cd,4,0.3,3,30,41
0.2674901906936965,2,7,cd,4,0.3,3,30,42
0.26460900203639104,2,7,cd,4,0.3,3,30,48
0.2688919073943343,2,7,cd,4,0.3,3,30,49
0.26446539533513747,2,7,cd,4,0.3,3,30,50
0.26956584023810504,2,7,cd,4,0.3,3,50,1
0.2655889385772739,2,7,cd,4,0.3,3,50,2
0.26635477698493315,2,7,cd,4,0.3,3,50,3
0.263137109718152,2,7,cd,4,0.3,3,50,4
0.2608117749228388,2,7,cd,4,0.3,3,50,5
0.25906781084194325,2,7,cd,4,0.3,3,50,6
0.2570068354475469,2,7,cd,4,0.3,3,50,7
0.2666505497987457,2,7,cd,4,0.3,3,50,10
0.268325804590542,2,7,cd,4,0.3,3,50,12
0.26334137328959956,2,7,cd,4,0.3,3,50,13
0.26274414073470315,2,7,cd,4,0.3,3,50,14
0.264338863374119,2,7,cd,4,0.3,3,50,15
0.26627950299770875,2,7,cd,4,0.3,3,50,16
0.2561023764936585,2,7,cd,4,0.3,3,50,17
0.26733872594730146,2,7,cd,4,0.3,3,50,18
0.26100119004954625,2,7,cd,4,0.3,3,50,20
0.26288712323123775,2,7,cd,4,0.3,3,50,22
0.2683705539691648,2,7,cd,4,0.3,3,50,23
0.2659611619928878,2,7,cd,4,0.3,3,50,24
0.2598134203194962,2,7,cd,4,0.3,3,50,26
0.26885224229210536,2,7,cd,4,0.3,3,50,28
0.2664932492624014,2,7,cd,4,0.3,3,50,32
0.2675204300214462,2,7,cd,4,0.3,3,50,34
0.26320414587749824,2,7,cd,4,0.3,3,50,35
0.25971163810395864,2,7,cd,4,0.3,3,50,36
0.26412566607308435,2,7,cd,4,0.3,3,50,37
0.2586915363570763,2,7,cd,4,0.3,3,50,39
0.2645431627328853,2,7,cd,4,0.3,3,50,41
0.2662467196472318,2,7,cd,4,0.3,3,50,42
0.26810711868867443,2,7,cd,4,0.3,3,50,43
0.26908927121826587,2,7,cd,4,0.3,3,50,46
0.2656866361262704,2,7,cd,4,0.3,3,50,47
0.26479352692609737,2,7,cd,4,0.3,3,50,48
0.2691881637482076,2,7,cd,4,0.3,3,50,50
0.2601373654144262,2,7,cd,4,0.5,2,30,1
0.26951153038668474,2,7,cd,4,0.5,2,30,2
0.2661400164968747,2,7,cd,4,0.5,2,30,3
0.2664875939489847,2,7,cd,4,0.5,2,30,4
0.2663235312852635,2,7,cd,4,0.5,2,30,5
0.26168813538142904,2,7,cd,4,0.5,2,30,6
0.2614200760987332,2,7,cd,4,0.5,2,30,7
0.2680737701791252,2,7,cd,4,0.5,2,30,8
0.26503146258449817,2,7,cd,4,0.5,2,30,9
0.2681997395062289,2,7,cd,4,0.5,2,30,12
0.266798531467051,2,7,cd,4,0.5,2,30,14
0.2676256150639559,2,7,cd,4,0.5,2,30,15
0.25493524208590357,2,7,cd,4,0.5,2,30,16
0.2619069689313391,2,7,cd,4,0.5,2,30,17
0.26730339635743644,2,7,cd,4,0.5,2,30,18
0.2678923023299386,2,7,cd,4,0.5,2,30,20
0.26031083384602777,2,7,cd,4,0.5,2,30,24
0.26946824593355273,2,7,cd,4,0.5,2,30,28
0.2638205420160779,2,7,cd,4,0.5,2,30,30
0.2698176059028727,2,7,cd,4,0.5,2,30,31
0.2581482580024878,2,7,cd,4,0.5,2,30,32
0.2532512388448998,2,7,cd,4,0.5,2,30,33
0.25862694269322084,2,7,cd,4,0.5,2,30,34
0.26976327651352855,2,7,cd,4,0.5,2,30,36
0.26391317874166903,2,7,cd,4,0.5,2,30,37
0.2646579537452185,2,7,cd,4,0.5,2,30,38
0.25934914615419086,2,7,cd,4,0.5,2,30,41
0.2692088794910748,2,7,cd,4,0.5,2,30,43
0.26091715593070475,2,7,cd,4,0.5,2,30,50
0.2589181300996805,2,7,cd,4,0.5,2,50,1
0.2675596654043491,2,7,cd,4,0.5,2,50,2
0.26226393279083954,2,7,cd,4,0.5,2,50,3
0.2637795226255013,2,7,cd,4,0.5,2,50,4
0.2601431095605565,2,7,cd,4,0.5,2,50,5
0.262272830951779,2,7,cd,4,0.5,2,50,6
0.264317829383017,2,7,cd,4,0.5,2,50,7
0.26643905789791017,2,7,cd,4,0.5,2,50,9
0.2675901990771551,2,7,cd,4,0.5,2,50,10
0.26535356267432103,2,7,cd,4,0.5,2,50,12
0.2690621280840911,2,7,cd,4,0.5,2,50,13
0.2626583059379941,2,7,cd,4,0.5,2,50,14
0.2684710457444049,2,7,cd,4,0.5,2,50,15
0.25794248363054145,2,7,cd,4,0.5,2,50,16
0.2620651415697332,2,7,cd,4,0.5,2,50,17
0.26602437778895077,2,7,cd,4,0.5,2,50,18
0.2664501002580279,2,7,cd,4,0.5,2,50,19
0.2613426376634023,2,7,cd,4,0.5,2,50,20
0.26437167360289454,2,7,cd,4,0.5,2,50,22
0.2661926432260154,2,7,cd,4,0.5,2,50,23
0.2579147396541297,2,7,cd,4,0.5,2,50,24
0.26476824343483696,2,7,cd,4,0.5,2,50,26
0.2661791483195743,2,7,cd,4,0.5,2,50,28
0.2645346777908166,2,7,cd,4,0.5,2,50,30
0.26482195643409673,2,7,cd,4,0.5,2,50,31
0.2573342740060778,2,7,cd,4,0.5,2,50,32
0.2557688446388179,2,7,cd,4,0.5,2,50,33
0.25773348617760833,2,7,cd,4,0.5,2,50,34
0.2679359465747918,2,7,cd,4,0.5,2,50,36
0.2664279286341082,2,7,cd,4,0.5,2,50,37
0.2621925419799715,2,7,cd,4,0.5,2,50,38
0.2684625429245479,2,7,cd,4,0.5,2,50,39
0.26392590688696876,2,7,cd,4,0.5,2,50,41
0.2658714921212118,2,7,cd,4,0.5,2,50,43
0.26855092796132934,2,7,cd,4,0.5,2,50,44
0.26777942440064784,2,7,cd,4,0.5,2,50,47
0.26615225716941726,2,7,cd,4,0.5,2,50,48
0.26322570370551124,2,7,cd,4,0.5,2,50,49
0.2656460584630855,2,7,cd,4,0.5,2,50,50
0.26713611472107807,2,7,cd,4,0.5,3,30,1
0.26799304489672143,2,7,cd,4,0.5,3,30,2
0.2683002338149403,2,7,cd,4,0.5,3,30,3
0.26665919326103477,2,7,cd,4,0.5,3,30,4
0.25409038087682634,2,7,cd,4,0.5,3,30,6
0.2646709790134957,2,7,cd,4,0.5,3,30,7
0.2638150741516809,2,7,cd,4,0.5,3,30,9
0.2657798502122007,2,7,cd,4,0.5,3,30,12
0.2635549070501587,2,7,cd,4,0.5,3,30,16
0.2616564483841431,2,7,cd,4,0.5,3,30,17
0.2692893131558851,2,7,cd,4,0.5,3,30,18
0.2698424512407076,2,7,cd,4,0.5,3,30,20
0.2697784060890358,2,7,cd,4,0.5,3,30,23
0.2581540899077849,2,7,cd,4,0.5,3,30,24
0.26612017977331215,2,7,cd,4,0.5,3,30,26
0.2690117316615429,2,7,cd,4,0.5,3,30,28
0.25978011723136246,2,7,cd,4,0.5,3,30,30
0.2696857803592552,2,7,cd,4,0.5,3,30,31
0.26026058409487546,2,7,cd,4,0.5,3,30,32
0.2591396050323474,2,7,cd,4,0.5,3,30,33
0.2682036198417922,2,7,cd,4,0.5,3,30,34
0.25975322647046534,2,7,cd,4,0.5,3,30,37
0.26137248226278925,2,7,cd,4,0.5,3,30,38
0.26622165821045274,2,7,cd,4,0.5,3,30,39
0.2544999352956377,2,7,cd,4,0.5,3,30,41
0.2646271846638195,2,7,cd,4,0.5,3,30,47
0.26584719779386934,2,7,cd,4,0.5,3,30,49
0.2591754883224014,2,7,cd,4,0.5,3,30,50
0.2662365299192845,2,7,cd,4,0.5,3,50,1
0.26614263529664606,2,7,cd,4,0.5,3,50,2
0.263855583945977,2,7,cd,4,0.5,3,50,3
0.26454066106895474,2,7,cd,4,0.5,3,50,4
0.2692118914812979,2,7,cd,4,0.5,3,50,5
0.2577861897145661,2,7,cd,4,0.5,3,50,6
0.26481887431935797,2,7,cd,4,0.5,3,50,7
0.2634518892267061,2,7,cd,4,0.5,3,50,9
0.26613976536429146,2,7,cd,4,0.5,3,50,12
0.2683524868681121,2,7,cd,4,0.5,3,50,13
0.26529650211602407,2,7,cd,4,0.5,3,50,14
0.2617606785853236,2,7,cd,4,0.5,3,50,16
0.26430080978041665,2,7,cd,4,0.5,3,50,17
0.26912149849916506,2,7,cd,4,0.5,3,50,18
0.2612265720703108,2,7,cd,4,0.5,3,50,20
0.264744836896424,2,7,cd,4,0.5,3,50,22
0.2652047305432628,2,7,cd,4,0.5,3,50,23
0.2582341055344034,2,7,cd,4,0.5,3,50,24
0.26439753591964266,2,7,cd,4,0.5,3,50,26
0.266701383437957,2,7,cd,4,0.5,3,50,28
0.26228081413689236,2,7,cd,4,0.5,3,50,30
0.26677705727945683,2,7,cd,4,0.5,3,50,31
0.25894101631758687,2,7,cd,4,0.5,3,50,32
0.2614579770329474,2,7,cd,4,0.5,3,50,33
0.2663424835083322,2,7,cd,4,0.5,3,50,34
0.2688054488596512,2,7,cd,4,0.5,3,50,35
0.26751542424835006,2,7,cd,4,0.5,3,50,36
0.26143969229474184,2,7,cd,4,0.5,3,50,37
0.2606447756856983,2,7,cd,4,0.5,3,50,38
0.26283886038949356,2,7,cd,4,0.5,3,50,39
0.2625730585138594,2,7,cd,4,0.5,3,50,41
0.2684013466611558,2,7,cd,4,0.5,3,50,42
0.2682799334101101,2,7,cd,4,0.5,3,50,43
0.2658114528735191,2,7,cd,4,0.5,3,50,44
0.2637122899162857,2,7,cd,4,0.5,3,50,47
0.26387976765086135,2,7,cd,4,0.5,3,50,48
0.26023577314400276,2,7,cd,4,0.5,3,50,49
0.26325526594922577,2,7,cd,4,0.5,3,50,50
0.2658447008469452,2,7,cd,5,0.3,2,30,2
0.2544600216932214,2,7,cd,5,0.3,2,30,5
0.25671959118834153,2,7,cd,5,0.3,2,30,6
0.26382301112843304,2,7,cd,5,0.3,2,30,7
0.2656551436407194,2,7,cd,5,0.3,2,30,9
0.2686526893195551,2,7,cd,5,0.3,2,30,10
0.2661857716882816,2,7,cd,5,0.3,2,30,12
0.2688649229643946,2,7,cd,5,0.3,2,30,13
0.2609933904820584,2,7,cd,5,0.3,2,30,15
0.2612763648098772,2,7,cd,5,0.3,2,30,17
0.2620463746285226,2,7,cd,5,0.3,2,30,18
0.26894185174676793,2,7,cd,5,0.3,2,30,20
0.26539583171685627,2,7,cd,5,0.3,2,30,21
0.25680580237811224,2,7,cd,5,0.3,2,30,22
0.2536296652163273,2,7,cd,5,0.3,2,30,24
0.2682115450261501,2,7,cd,5,0.3,2,30,28
0.2678351252796067,2,7,cd,5,0.3,2,30,30
0.2641354488432698,2,7,cd,5,0.3,2,30,33
0.2643863581024363,2,7,cd,5,0.3,2,30,35
0.2618201452631169,2,7,cd,5,0.3,2,30,36
0.2644267855149623,2,7,cd,5,0.3,2,30,37
0.2639597351770139,2,7,cd,5,0.3,2,30,38
0.2622753855883723,2,7,cd,5,0.3,2,30,39
0.2687924457331248,2,7,cd,5,0.3,2,30,40
0.26765762188754005,2,7,cd,5,0.3,2,30,42
0.2663404451514125,2,7,cd,5,0.3,2,30,43
0.26563578426561896,2,7,cd,5,0.3,2,30,45
0.2619531072456526,2,7,cd,5,0.3,2,30,49
0.26137869694872345,2,7,cd,5,0.3,2,30,50
0.26996263813130017,2,7,cd,5,0.3,2,50,1
0.2669994211816378,2,7,cd,5,0.3,2,50,2
0.2677580872265241,2,7,cd,5,0.3,2,50,3
0.2624089267168804,2,7,cd,5,0.3,2,50,5
0.2617317528682782,2,7,cd,5,0.3,2,50,6
0.26013007853478876,2,7,cd,5,0.3,2,50,7
0.2648203169164921,2,7,cd,5,0.3,2,50,9
0.26803908952805044,2,7,cd,5,0.3,2,50,10
0.2678500634423474,2,7,cd,5,0.3,2,50,12
0.2617936674826959,2,7,cd,5,0.3,2,50,13
0.26774627744914553,2,7,cd,5,0.3,2,50,14
0.26285450725274545,2,7,cd,5,0.3,2,50,15
0.25743011606576816,2,7,cd,5,0.3,2,50,17
0.2575907133994272,2,7,cd,5,0.3,2,50,18
0.263307631366925,2,7,cd,5,0.3,2,50,20
0.2617505921956543,2,7,cd,5,0.3,2,50,21
0.25645453163458704,2,7,cd,5,0.3,2,50,22
0.2569457611088704,2,7,cd,5,0.3,2,50,24
0.26797671346314245,2,7,cd,5,0.3,2,50,26
0.2610157345077342,2,7,cd,5,0.3,2,50,28
0.2677097434359166,2,7,cd,5,0.3,2,50,30
0.26772784439279956,2,7,cd,5,0.3,2,50,32
0.26795831082662586,2,7,cd,5,0.3,2,50,33
0.2615220488508247,2,7,cd,5,0.3,2,50,35
0.2667958207022621,2,7,cd,5,0.3,2,50,36
0.2648240602767957,2,7,cd,5,0.3,2,50,37
0.2651007675892135,2,7,cd,5,0.3,2,50,38
0.26238271312126416,2,7,cd,5,0.3,2,50,39
0.2642765269629904,2,7,cd,5,0.3,2,50,40
0.2695448255093685,2,7,cd,5,0.3,2,50,41
0.26341830566372143,2,7,cd,5,0.3,2,50,42
0.2669171944067026,2,7,cd,5,0.3,2,50,43
0.26676690208401477,2,7,cd,5,0.3,2,50,45
0.2653683475414289,2,7,cd,5,0.3,2,50,46
0.2668784406030521,2,7,cd,5,0.3,2,50,48
0.26314505396824994,2,7,cd,5,0.3,2,50,49
0.25984805974132574,2,7,cd,5,0.3,2,50,50
0.26776986779192286,2,7,cd,5,0.3,3,30,2
0.2581027915358509,2,7,cd,5,0.3,3,30,5
0.2655708352359537,2,7,cd,5,0.3,3,30,6
0.26017795745265077,2,7,cd,5,0.3,3,30,7
0.2627747653890506,2,7,cd,5,0.3,3,30,8
0.26838375317470736,2,7,cd,5,0.3,3,30,9
0.26595319363678666,2,7,cd,5,0.3,3,30,12
0.2633059197809408,2,7,cd,5,0.3,3,30,14
0.2670421897546745,2,7,cd,5,0.3,3,30,15
0.26331794122171365,2,7,cd,5,0.3,3,30,17
0.26240985109389114,2,7,cd,5,0.3,3,30,20
0.26466231362168313,2,7,cd,5,0.3,3,30,22
0.25867094950540637,2,7,cd,5,0.3,3,30,24
0.26726253547136175,2,7,cd,5,0.3,3,30,25
0.269672553790475,2,7,cd,5,0.3,3,30,27
0.26634637075176143,2,7,cd,5,0.3,3,30,30
0.26893053648275134,2,7,cd,5,0.3,3,30,32
0.26020270553511227,2,7,cd,5,0.3,3,30,33
0.26530706337640086,2,7,cd,5,0.3,3,30,34
0.2648103929955126,2,7,cd,5,0.3,3,30,35
0.25864428076363605,2,7,cd,5,0.3,3,30,36
0.25422360418829887,2,7,cd,5,0.3,3,30,37
0.2623374277397295,2,7,cd,5,0.3,3,30,38
0.25817483067802527,2,7,cd,5,0.3,3,30,39
0.26642182526099195,2,7,cd,5,0.3,3,30,41
0.26980238301321585,2,7,cd,5,0.3,3,30,42
0.2692508927329102,2,7,cd,5,0.3,3,30,44
0.26490563615243645,2,7,cd,5,0.3,3,30,49
0.2555492946913794,2,7,cd,5,0.3,3,30,50
0.2691145141566272,2,7,cd,5,0.3,3,50,1
0.2647702079653836,2,7,cd,5,0.3,3,50,2
0.26896134013712697,2,7,cd,5,0.3,3,50,3
0.2620311573760774,2,7,cd,5,0.3,3,50,5
0.26421779677518137,2,7,cd,5,0.3,3,50,6
0.2557857472359794,2,7,cd,5,0.3,3,50,7
0.26636714854583143,2,7,cd,5,0.3,3,50,8
0.2681083075039129,2,7,cd,5,0.3,3,50,9
0.2652811929814847,2,7,cd,5,0.3,3,50,10
0.26300378855934675,2,7,cd,5,0.3,3,50,12
0.26490390083269777,2,7,cd,5,0.3,3,50,13
0.2593314417018908,2,7,cd,5,0.3,3,50,14
0.2677528954131751,2,7,cd,5,0.3,3,50,15
0.2682629107966858,2,7,cd,5,0.3,3,50,16
0.261898836119982,2,7,cd,5,0.3,3,50,17
0.2659860189926559,2,7,cd,5,0.3,3,50,18
0.2632807114246287,2,7,cd,5,0.3,3,50,20
0.2691971176953545,2,7,cd,5,0.3,3,50,21
0.26003062878045224,2,7,cd,5,0.3,3,50,22
0.25670776507348125,2,7,cd,5,0.3,3,50,24
0.26458674398690785,2,7,cd,5,0.3,3,50,26
0.26942452102758696,2,7,cd,5,0.3,3,50,27
0.2696192780084328,2,7,cd,5,0.3,3,50,30
0.26339414895045515,2,7,cd,5,0.3,3,50,32
0.2660633177759874,2,7,cd,5,0.3,3,50,33
0.26887876704604,2,7,cd,5,0.3,3,50,34
0.26503836070644976,2,7,cd,5,0.3,3,50,35
0.2603794638011902,2,7,cd,5,0.3,3,50,36
0.2629268405505124,2,7,cd,5,0.3,3,50,37
0.26004909771019147,2,7,cd,5,0.3,3,50,38
0.26010189827959185,2,7,cd,5,0.3,3,50,39
0.2684272672525005,2,7,cd,5,0.3,3,50,40
0.26612215988329924,2,7,cd,5,0.3,3,50,41
0.2648773762344288,2,7,cd,5,0.3,3,50,42
0.2658674582346146,2,7,cd,5,0.3,3,50,44
0.2653632015122864,2,7,cd,5,0.3,3,50,45
0.2637650180707262,2,7,cd,5,0.3,3,50,46
0.26234011806705115,2,7,cd,5,0.3,3,50,50
0.2641781333009395,2,7,cd,5,0.5,2,30,1
0.2655054983869912,2,7,cd,5,0.5,2,30,2
0.2586344467033468,2,7,cd,5,0.5,2,30,3
0.2663375642447922,2,7,cd,5,0.5,2,30,4
0.25993682602945645,2,7,cd,5,0.5,2,30,5
0.24785038177040972,2,7,cd,5,0.5,2,30,6
0.2638179077031575,2,7,cd,5,0.5,2,30,7
0.2642522362789092,2,7,cd,5,0.5,2,30,9
0.2641051506980875,2,7,cd,5,0.5,2,30,10
0.26285661898097157,2,7,cd,5,0.5,2,30,12
0.2679178716539047,2,7,cd,5,0.5,2,30,15
0.2603609574941954,2,7,cd,5,0.5,2,30,16
0.2577491132449241,2,7,cd,5,0.5,2,30,17
0.26736308851374974,2,7,cd,5,0.5,2,30,19
0.26698927905952907,2,7,cd,5,0.5,2,30,24
0.2662826449240354,2,7,cd,5,0.5,2,30,26
0.26375680002397517,2,7,cd,5,0.5,2,30,27
0.26844020250650436,2,7,cd,5,0.5,2,30,28
0.2650316404811398,2,7,cd,5,0.5,2,30,30
0.2609203393402802,2,7,cd,5,0.5,2,30,32
0.2542091077301132,2,7,cd,5,0.5,2,30,33
0.2621413357857698,2,7,cd,5,0.5,2,30,34
0.2618637365883286,2,7,cd,5,0.5,2,30,35
0.2647005804301811,2,7,cd,5,0.5,2,30,36
0.2606590286028293,2,7,cd,5,0.5,2,30,38
0.26589395643846864,2,7,cd,5,0.5,2,30,39
0.2634643453934351,2,7,cd,5,0.5,2,30,41
0.2691411216039367,2,7,cd,5,0.5,2,30,44
0.2692653634092017,2,7,cd,5,0.5,2,30,49
0.26619083100042235,2,7,cd,5,0.5,2,30,50
0.26477919000381733,2,7,cd,5,0.5,2,50,1
0.26570005666534435,2,7,cd,5,0.5,2,50,2
0.2611542959178051,2,7,cd,5,0.5,2,50,3
0.2624853209294325,2,7,cd,5,0.5,2,50,4
0.2563551761947022,2,7,cd,5,0.5,2,50,5
0.25280614458428835,2,7,cd,5,0.5,2,50,6
0.26468125887404675,2,7,cd,5,0.5,2,50,7
0.2657941311223773,2,7,cd,5,0.5,2,50,9
0.2596928672972186,2,7,cd,5,0.5,2,50,10
0.26377915690725734,2,7,cd,5,0.5,2,50,12
0.2627318865758368,2,7,cd,5,0.5,2,50,14
0.2603049732395063,2,7,cd,5,0.5,2,50,16
0.25534877311025206,2,7,cd,5,0.5,2,50,17
0.26747002876254294,2,7,cd,5,0.5,2,50,19
0.2664147702671551,2,7,cd,5,0.5,2,50,20
0.2656485889109859,2,7,cd,5,0.5,2,50,22
0.26708439107002996,2,7,cd,5,0.5,2,50,23
0.2644130979637881,2,7,cd,5,0.5,2,50,24
0.2623406237615391,2,7,cd,5,0.5,2,50,26
0.2662267456396797,2,7,cd,5,0.5,2,50,27
0.2642431476618609,2,7,cd,5,0.5,2,50,28
0.26529804346913033,2,7,cd,5,0.5,2,50,30
0.26844309264916544,2,7,cd,5,0.5,2,50,31
0.256190893040708,2,7,cd,5,0.5,2,50,32
0.2608278871780554,2,7,cd,5,0.5,2,50,33
0.2595441762749368,2,7,cd,5,0.5,2,50,34
0.2668600379425497,2,7,cd,5,0.5,2,50,35
0.26269370444222523,2,7,cd,5,0.5,2,50,36
0.2699919315070027,2,7,cd,5,0.5,2,50,37
0.2627349407065466,2,7,cd,5,0.5,2,50,38
0.26351325949378246,2,7,cd,5,0.5,2,50,39
0.2626586054887685,2,7,cd,5,0.5,2,50,41
0.26474442515067353,2,7,cd,5,0.5,2,50,44
0.2692090918288051,2,7,cd,5,0.5,2,50,47
0.2656734930387368,2,7,cd,5,0.5,2,50,49
0.26555667941120653,2,7,cd,5,0.5,2,50,50
0.261474147321222,2,7,cd,5,0.5,3,30,1
0.26437235469486164,2,7,cd,5,0.5,3,30,2
0.25952139166154464,2,7,cd,5,0.5,3,30,3
0.26800641087949706,2,7,cd,5,0.5,3,30,5
0.25591630372673485,2,7,cd,5,0.5,3,30,6
0.2629704032203126,2,7,cd,5,0.5,3,30,7
0.26304354684947595,2,7,cd,5,0.5,3,30,9
0.2665853744074574,2,7,cd,5,0.5,3,30,12
0.26815078580778684,2,7,cd,5,0.5,3,30,15
0.2559689282341802,2,7,cd,5,0.5,3,30,16
0.2602018593981755,2,7,cd,5,0.5,3,30,17
0.26519703781286835,2,7,cd,5,0.5,3,30,20
0.2636052169681527,2,7,cd,5,0.5,3,30,24
0.26036131248535177,2,7,cd,5,0.5,3,30,30
0.26223173388728677,2,7,cd,5,0.5,3,30,32
0.2606846502267095,2,7,cd,5,0.5,3,30,33
0.26078957604868064,2,7,cd,5,0.5,3,30,34
0.26477692625351396,2,7,cd,5,0.5,3,30,35
0.26801008537132337,2,7,cd,5,0.5,3,30,36
0.2632372617980581,2,7,cd,5,0.5,3,30,37
0.2693337778944456,2,7,cd,5,0.5,3,30,38
0.2626683429624194,2,7,cd,5,0.5,3,30,39
0.2628212879923521,2,7,cd,5,0.5,3,30,41
0.2659912834236228,2,7,cd,5,0.5,3,30,43
0.26470600190667753,2,7,cd,5,0.5,3,30,47
0.25764754671203416,2,7,cd,5,0.5,3,30,50
0.2643956519388301,2,7,cd,5,0.5,3,50,1
0.262482227559866,2,7,cd,5,0.5,3,50,2
0.25727039413250885,2,7,cd,5,0.5,3,50,3
0.2698727621828866,2,7,cd,5,0.5,3,50,4
0.2666204878460832,2,7,cd,5,0.5,3,50,5
0.26089415450560804,2,7,cd,5,0.5,3,50,6
0.2627675331474476,2,7,cd,5,0.5,3,50,7
0.26207969294317324,2,7,cd,5,0.5,3,50,9
0.2672437036127899,2,7,cd,5,0.5,3,50,10
0.26904762545013783,2,7,cd,5,0.5,3,50,11
0.26431677795377223,2,7,cd,5,0.5,3,50,12
0.269431631328169,2,7,cd,5,0.5,3,50,14
0.263560312211351,2,7,cd,5,0.5,3,50,16
0.2609388900166983,2,7,cd,5,0.5,3,50,17
0.26917718941198826,2,7,cd,5,0.5,3,50,18
0.26474914425919405,2,7,cd,5,0.5,3,50,20
0.2683666604273651,2,7,cd,5,0.5,3,50,22
0.268486788844273,2,7,cd,5,0.5,3,50,23
0.2599984541177031,2,7,cd,5,0.5,3,50,24
0.26809798160734677,2,7,cd,5,0.5,3,50,26
0.2667552440941117,2,7,cd,5,0.5,3,50,27
0.2666013135808019,2,7,cd,5,0.5,3,50,28
0.26197441832749235,2,7,cd,5,0.5,3,50,30
0.26518293048896346,2,7,cd,5,0.5,3,50,31
0.25923346410270875,2,7,cd,5,0.5,3,50,32
0.2667430476488652,2,7,cd,5,0.5,3,50,33
0.2624894865357772,2,7,cd,5,0.5,3,50,34
0.2652301122270755,2,7,cd,5,0.5,3,50,36
0.26488088716409364,2,7,cd,5,0.5,3,50,37
0.2655092129622588,2,7,cd,5,0.5,3,50,38
0.2603135178824888,2,7,cd,5,0.5,3,50,39
0.2679864131421808,2,7,cd,5,0.5,3,50,40
0.26661149205343043,2,7,cd,5,0.5,3,50,41
0.26577495000467827,2,7,cd,5,0.5,3,50,43
0.2672882158476741,2,7,cd,5,0.5,3,50,44
0.2623869462620222,2,7,cd,5,0.5,3,50,47
0.2678041023726685,2,7,cd,5,0.5,3,50,48
0.26594643552959035,2,7,cd,5,0.5,3,50,49
0.25785325759609723,2,7,cd,5,0.5,3,50,50
