Country,Data_year,Region,KOF_Globalis,Work_rightCIRI,Trade_open,FDI,VDEM_Libdem,Armedcon,Pol_terror,Poverty,Cereal_yield,Stunting_u5s,Undernourish,Wasting_u5s,Life_expect,Maternal_mort,Neonatal_mort,Wellbeing,Tuberculosis,Infant_mort,Infant_vaccines,Literacy_15_24yrs,Primary_school,Yrs_of_school,Lack_contraception,F_school,M_school,F_parliam,Freshwater,Sanitation,Water_acc,Co2_fuel,Electric_acc,Fuel_acc,Growth_rate,ATMs,Child_lab,Unemploy,Infrastruct,Internet_use,Broadband,Inequality,Piped_water,Treated_waste,Climate_chg_vuln,Co2_energy_pc,Ocean_biodiv,Ocean_clean,Ocean_protect,Ocean_fisheries,Fish_overexploit,Terrestrial_protect,Forest_change,Species_survival,CPI,Gov_efficien,Homicides,Prison_pop,Property_rights,Safe_night,Regist_birth,Masskill_ongo,Masskill_ever,GDPpc_growth,Minority_rule,Ethnic_fract,Battle_deaths,Pol_cand_restr,Party_ban,Relig_freeMK,Polkill_apprvd,Freemv_M,Freemv_F,Free_discuss,Social_ineq,Soc_powerdist,Trade_openMK,Democ,Sexwrk_size,Sexwrk_HIV,Sexwrk_condom,Sexwrk_Syphilis,GDPpc,AIDS_death,AIDS_Orph,Physrights_indx,Extrajud_kill,Pol_impris,Torture,Polrights_indx,Free_assem,Freemv_foreign,Freemv_dom,Free_speech,Free_polit,Relig_freeCIRI,Econ_right_F,Pol_right_F,Indep_judic,Rape_prev,Rape_report,Rape_enclave,Rape_compl,Phys_secF,Gender_equal,Pop_dens,Urban_population,Rural_population,SLAVERY
Afghanistan,2018,ASIA,38.57,1,55.92,0.48,0.24,1,5,34.6,2.02060008,50.1,24.89999962,9.05,50,396,37.75,3.575000048,189,80.74999924,66,46.99502541,85.4,9.27439,57.50915751,25.10604289,46.70255631,27.70000076,31.04,31.89999962,55.29999924,1.055641422,66.25,14.86678,-3.583961063,0.802081543,19.8500001,9.19065609,3.419708532,8.495,13.5,27.81999969,31.2483802,0,0.11,0.425262094,79.2,58.6,0,31,2.185535959,6.25,0.862703096,0.835789313,13,3.773055774,6.5,76,3.972526512,26.8580581,39.85,1,1,0.014738921,1,0.77,7.928766322,1,4,2,0,0,0,0.566546682,0,1,-2.359147778,0,12500,0.3,51.5,0.4,570,500,5050,1,0,0,0,0,1,1,2,1,0,0,1,2,0,4,4,2,17,4,5,55.56743713,8670939,25985093,2.22
Argentina,2018,AMERICAS,63.02,1,26.12,0.59,0.61,0,2,0.05,4.554999828,8.2,4.3,1.2,67,52,6.25,6.573999882,24,11.8,94,99.269205,95.38,17.94733,24.84076433,98.5527983,65.84022072,36.59999847,4.302,96.40000153,99.09999847,1.309626437,99.90000153,95,-1.071438309,59.44995441,4.400000048,7.683394051,3.14263386,67.85,55.1,44.49000168,98.0915359,11.746875,0.025,4.562048435,85.89,62.36,17.64705882,42,49.36,14.70588235,12.58582158,0.861084394,35.5,2.336128838,5.5,147,3.238010736,41.46480285,99.5,0,1,0.016885522,0,0.26,0,1,4,4,0,1,1,0.954938645,0,0,-3.221412266,1,74900,5.4,96.3,3.2,11970,1700,30500,4,1,2,0,12,2,2,2,1,2,2,1,2,2,1,3,1,9,2,3,16.09332259,40176085,3671345,0.13
Armenia,2018,RUSSIA AND EURASIA,67.09,1,75.92,3.21,0.23,0,3,1.820000029,3.026299953,20.8,5.100000096,4.2,62,25,7.4,4.349999905,45,13.75000019,93,99.80364199,84.11982,12.31785,59.04761905,99.81617647,76.78571316,10.69999981,37.86,89.5,100,0.675324675,100,81.48745,-0.195630491,58.26582913,6.300000048,17.24931011,4.306749218,56.65,41.95,31.29999924,99.6666829,22.58527273,0.025,1.671656966,92.91,77.68,36.36363636,61,63.52,10.52631579,0.593045017,0.841605994,35,3.401135002,1.8,164,4.129207497,80.47594876,99.15,0,0,0.053966503,1,0.13,0,1,4,3,0,1,1,0.87283978,0,0,-1.867682537,0,4600,0.6,99.1,14.3,3770,200,8100,5,0,1,0,12,1,2,2,1,2,2,1,3,1,0,4,0,9,3,3,103.4057254,1845032,1079784,0.34
Bangladesh,2016,ASIA,45.54,0,37.95,1.05,0.16,1,4,43.65000153,4.405799866,36.1,16.39999962,14.3,61,176,23.3,4.693999767,227,37.59999847,89,79.93943,91.54676,9.97506,25.67324955,81.65137615,43.63636364,20,2.923,60.59999847,86.90000153,1.124528302,59.59999847,9.2603,-0.548201313,9.236862234,12.80000019,4.443553925,2.847684598,9.6,1.9,32.11999893,32.330873,0,0.26,0.372017175,90.97,50.04,33.33333333,2,2.36,10.52631579,3.5269607,0.768760392,25,2.852616337,2.7,42,3.458802616,80.26233449,30.5,0,1,0.052240526,1,0.05,3.871201011,1,4,2,0,1,0,0.541175821,0,1,-2.852129745,0,140000,0.2,66.7,2.1,1330,500,3800,2,0,1,0,7,1,2,1,1,1,1,1,2,0,0,4,1,13,4,4,1213.573327,57168296,105783264,0.95
Bolivia,2016,AMERICAS,57.74,1,56.4,1.54,0.4,0,2,7.699999809,1.937999964,18.1,15.89999962,1.6,59,206,19.6,5.889999866,120,38.40000153,94,98.99588481,81.60256,13.15285,49.60835509,84.78139777,75.54479743,53.09999847,0.3638,50.29999924,90,2.135802469,90.5,70.97138,-1.097021609,34.711929,26.39999962,3.637384653,3.308116452,39.02,13.9,56.29000092,96.1371649,11.29666667,0.11,1.599498987,89.16,77.68,0,90,36.57,26.78571429,5.260436717,0.868153632,34,3.185075937,12.1,140,3.439012321,43.89882727,75.8,0,0,0.027533603,0,0.74,0,1,4,4,0,1,1,0.786002046,0,1,-2.344236351,1,13500,4.3,88.9,4.8,3070,1000,20000,5,1,1,1,11,1,2,2,1,2,2,1,3,0,1,3,0,10,3,0,10.18352534,7484112,3403770,0.44
Botswana,2016,SUBSAHARAN AFRICA,56.22,0,97.13,0.83,0.58,0,2,18.23999977,0.398299992,31.4,24.10000038,7.2,54,129,21.9,4.331999779,385,43.59999847,95,96.0374,90.33255,12.49301,25.04684572,95.80573951,79.78883724,9.5,1.585,63.40000153,96.19999695,6.111111111,53.24000168,62.59297,0.103665291,30.28354068,9,18.60749626,3.800518193,18.5,74.1,56.29000092,96.4783516,0.95,0.05,2.323344946,77.12,60.11,33.33333333,80,19.67,36.36363636,2.457037562,0.978611544,63,4.087369334,18.4,205,4.892110668,40.31296397,72.2,0,0,0.012848547,0,0.41,0,0,4,3,0,1,1,0.926796377,0,0,-1.767393042,1,6700,42.2,75.7,9.4,6750,5200,75000,7,1,2,2,10,2,1,2,1,2,2,2,2,2,4,3,0,12,4,3,3.81123992,1528669,721591,0.52
Botswana,2018,SUBSAHARAN AFRICA,56.52,0,97.13,0.83,0.58,0,2,17.51999989,0.398299992,31.4,25.05000019,7.2,54,129,23.7,4.331999779,385,42.09999924,95,95.0187,90.33255,12.49301,25.04684572,96.30286976,79.78883724,9.5,1.585,63.40000153,96.19999695,6.111111111,54.87000084,62.59297,0.103665291,30.28354068,9,18.35374813,3.850259097,28.95,68.35,56.29000092,96.4783516,0.95,0.075,2.323344946,77.12,60.14,0,86,19.67,36.36363636,2.457037562,0.978611544,62,4.087369334,18.4,205,4.846055334,37.15648199,77.7,0,0,0.012848547,0,0.41,0,0,4,3,0,1,1,0.926796377,0,0,-1.767393042,1,6700,42.2,75.7,9.4,6750,5000,70000,7,1,2,2,10,2,1,2,1,2,2,2,2,2,4,3,0,12,3,3,3.894332398,1528669,721591,0.36
Brazil,2016,AMERICAS,59.64,1,24.57,4.34,0.57,0,3.5,4.869999886,4.640500069,7.1,5,1.6,65,44,8.9,6.982999802,44,16.39999962,93,98.61661576,87.21,15.19340264,13.19181198,104.8639186,73.926385,9.899999619,0.8648,82.80000305,98.09999847,0.793266702,99.5,94.44256,-3.010705188,129.2533223,7.5,7.167889595,2.872005916,57.6,51.5,54.68999863,97.6826912,10.86877778,0.06,2.191393614,87.04,60.11,36.84210526,64,17.86980371,23.86831276,7.383987156,0.898994426,38,2.496853694,25.2,274,3.914332391,39.51743842,92.8,0,0,0.001785934,0,0.54,0,1,4,4,0,1,1,0.873850601,0,0,-3.260456056,1,1401600,5.3,90.09,8.4,8840,16000,250000,2,0,1,0,12,2,2,2,1,2,2,1,2,1,4,3,1,12,3,3,24.66614079,178668678,28984187,0.08
Cambodia,2016,ASIA,57.89,0,126.95,11.43,0.11,0,2.5,6.150000095,3.028800011,32.4,14.19999981,9.6,62,161,14.8,3.819000006,390,28.70000076,94,87.13245796,98.38292,10.90489,42.36926361,58.84543762,87.71139316,20.29999924,0.4587,42.40000153,75.5,2.888888889,31.10000038,10.61382,-0.250030714,10.70651108,18.29999924,0.502257824,3.36078998,9,9.6,36.02999878,75.2648798,0,0.38,0.308073163,80.14,63.73,0,7,0.45,6.666666667,18.00471269,0.825454102,21,2.926579304,6.5,106,3.574995713,45.39793838,62.1,0,1,0.048485421,1,0.21,0,1,3,3,0,1,1,0.254533242,0,1,-1.497910185,0,34000,2.3,88.8,0.6,1140,1500,40000,4,1,1,0,9,1,2,1,1,2,2,1,2,0,1,3,0,11,4,0,89.31731815,3559458,12202912,1.65
Cambodia,2018,ASIA,56.67,0,126.95,11.43,0.11,0,2.5,3.125000048,3.028800011,32.95,14.74999991,9.4,62,161,15.5,3.819000006,390,29.65000038,94,87.11622898,98.38292,10.90489,42.36926361,63.07271881,87.71139316,20.29999924,0.4587,42.40000153,75.5,2.888888889,43.60000019,10.61382,-0.250030714,10.70651108,18.79999962,0.351128912,3.38039499,20.7,30.2,36.02999878,75.2648798,0,0.39,0.308073163,80.14,63.73,0,7,2.36,6.666666667,18.00471269,0.825454102,21,2.926579304,6.5,106,3.537497857,50.19896919,67.7,0,1,0.048485421,1,0.21,0,1,3,3,0,1,1,0.254533242,0,1,-1.497910185,0,34000,2.3,88.8,0.6,1140,1400,38000,4,1,1,0,9,1,2,1,1,2,2,1,2,0,1,3,0,11,3,0,90.68686551,3559458,12202912,1.68
Cameroon,2018,SUBSAHARAN AFRICA,48.08,0,42,2.06,0.17,1,3.5,25.63500023,1.622799993,32.15,8.89999981,5.5,49,596,24.8,4.251999855,220,83.80000077,80,80.5872206,94.86986,10.39801,66.29834254,70.54610779,86.63967378,31.10000038,0.3414,45.79999924,75.59999847,0.867647059,55.25000038,24.57469,-3.036843529,3.521575584,47,4.438108826,2.687616903,18,5.25,38.90999985,27.6968957,0,0.08,0.268091798,79.2,62.05,6.666666667,53,35.03,25,2.087985426,0.834693637,26,3.447462648,7.6,119,4.06510737,46.91987677,63.75,0,0,0.019390301,0,0.86,4.158883083,0,4,4,0,0,0,0.608581717,0,1,-2.80369012,0,70500,24.3,96,8.2,1400,21000,405000,4,0,2,0,9,2,2,1,0,1,2,1,2,0,1,4,1,13,4,0,51.97983542,12933510,10505679,0.69
Chile,2016,AMERICAS,77.13,1,55.51,4.95,0.76,0,2,0,6.128399849,1.8,5,0.3,70,22,4.9,6.670000076,16,8.100000381,92,98.87237876,92.00254,15.24619,21.66771952,97.81160444,67.59776893,15.80000019,3.831,99.09999847,99,1.121751026,99.59999847,93.63791,0.054835292,56.57921082,6.599999905,6.355420589,4.572903181,72.35,35.6,52.06000137,99.6660509,68.84842939,0.04,4.616445541,86.27,70.03,5.769230769,75,63.52,7.627118644,7.402095573,0.766355227,70,4.148466375,3.1,266,5.076214224,50.24167739,99.4,0,1,0.00589565,0,0.19,0,1,4,4,0,1,1,0.97116235,0,1,-2.363491025,1,300,0,97,1.3,13540,1000,6000,5,1,2,0,12,1,2,2,2,2,2,1,2,2,2,4,1,10,3,3,24.48995771,15657065,2252689,0.15
Chile,2018,AMERICAS,74.14,1,55.51,4.95,0.76,0,2,0.2,6.128399849,1.8,4.35,0.3,70,22,5.15,6.670000076,16,8.200000191,92,98.93618938,92.00254,15.24619,21.66771952,97.90580222,67.59776893,15.80000019,3.831,99.09999847,99,1.121751026,99.79999924,93.63791,0.054835292,56.57921082,6.599999953,6.355420589,4.636451591,69.175,53.85,52.06000137,99.6660509,68.84842939,0.02,4.616445541,86.27,70.03,5.769230769,75,63.52,7.627118644,7.402095573,0.766355227,68.5,4.148466375,3.1,266,5.038107112,47.6208387,99.4,0,1,0.00589565,0,0.19,0,1,4,4,0,1,1,0.97116235,0,1,-2.363491025,1,6700,0,97,1.3,13540,1000,6350,5,1,2,0,12,1,2,2,2,2,2,1,2,2,2,4,1,10,2,3,24.83970189,15657065,2252689,0.08
Colombia,2018,AMERICAS,61.68,1,36.47,4.94,0.52,1,3,5.359999943,3.290499926,12.7,7.950000096,0.9,67,64,8.5,6.477000237,33,15.59999981,90,98.3696847,87.72414,13.54554,16.96869852,101.1881271,71.0784327,19.89999962,0.4987,81.09999847,91.40000153,1.055641422,97.4,85.72544,-0.123326822,40.56807911,8.749999905,9.476221562,3.13326391,55.335,35.95,55.90999985,94.0691931,4.6,0.08,1.560629129,71.21,46.12,11.11111111,28,60.32339702,8.219178082,3.451527247,0.739911716,37,3.039393647,30.8,245,3.976332057,44.38311869,97.55,0,1,0.008120518,0,0.6,0,1,4,4,0,1,1,0.72524766,0,1,-2.865749495,1,244400,1.2,98.3,1.5,6310,5000,58500,0,0,0,0,7,0,2,1,1,1,0,1,3,2,2,4,1,13,4,3,44.08295494,38975281,9678138,0.27
Czech Republic,2018,EUROPE,83.41,1,151.6,5.56,0.78,0,1,0.15,6.219900131,2.6,1.834999979,4.6,69,4,1.7,6.505000114,4.6,3.300000048,99,99.99996,98.61911815,16.39,18.24134705,96.49637276,74.63343666,20,14,99.09999847,100,1.172853828,100,95,-0.936870259,49.79900876,0,5.173547745,4.728201518,78.105,66.35,25.60000038,100,75.68236485,0.01,10.43108845,82.39,63.73,5.769230769,76,63.52,45,5.951279189,0.969802354,56.5,3.681881098,1,154,4.60620353,71.560519,100,0,0,0.028284423,0,0.32,0,1,4,3,0,1,1,0.964245077,0,0,-1.289539553,1,13000,0,83.6,0.7,17540,500,6000,6,2,1,1,12,2,2,2,1,2,2,1,2,2,1,2,0,8,2,3,137.2185121,7773650,2792682,0.13
Democratic Republic of the Congo,2018,SUBSAHARAN AFRICA,41.14,1,59.59,2.35,0.12,1,5,77.18000031,0.762799978,42.6,7.599999905,8.1,44,693,30.1,4.517000198,325,98.30000305,77,65.77652815,90.22618,9.75,82.89652495,57.75193798,90.53738479,8.899999619,0.0533,28.70000076,52.40000153,0.302325581,16.39999962,7.04098,-3.220473195,1.143968098,38.40000153,3.826145887,2.687616903,3,20.7,44.43000031,16.9924778,0,0.07,0.050302688,67.27,52.66,5,30,0.02,11.76470588,4.004038535,0.892812381,22,3.109504047,28.3,33,3.469061417,42.85749965,27.8,1,1,0.023579567,1,0.87,3.80666249,1,4,3,1,0,0,0.312635087,0,1,-2.04402088,0,350300,5.7,69,8.4,430,16500,430000,0,0,0,0,7,0,2,2,1,0,0,1,2,0,0,4,1,13,3,5,205.3925918,101492842,884784815,1.37
Egypt,2018,MIDDLE EAST AND NORTH AFRICA,60.87,0,30.02,2.44,0.17,1,4,2.1,7.162299633,22.3,5,9.5,62,33,12.8,4.193999767,15,24,93,89.28192062,95.10083,13.52824,19.70873786,70.83333333,31.19890891,2,126.6,94.69999695,99.40000153,1.098331347,100,95,-3.371234862,12.66749196,9.300000191,12.12278843,3.140830945,31.7,31.1,30.77000046,100,49.49813896,0.09,2.635115147,90.26,64.19,33.33333333,49,41.39212608,31.57894737,0.978653485,0.917231986,36,3.261799561,3.4,80,3.941932576,84.18171882,99,0,1,0.027421738,1,0.18,3.891820298,1,3,2,1,0,0,0.188825027,1,1,-2.597126263,0,23000,2.8,13.9,2,3410,500,3600,6,0,1,0,12,2,2,2,1,2,2,1,2,0,0,3,0,12,4,0,1213.573327,40889687,54798994,0.55
Ethiopia,2016,SUBSAHARAN AFRICA,43.67,0,35.51,5.46,0.12,1,4.5,33.54000092,2.325399876,40.4,32,8.7,56,353,27.7,4.512000084,207,59.20000076,70,54.98297726,85.4,8.5,41.7519909,40.44764992,86.83036203,38.79999924,4.556,28,57.29999924,0.977011494,26.56255913,5,1.442483978,0.463300214,27.39999962,5.450455666,3.163067127,2.9,4.8,33.59999847,56.1719314,0,0.27,0.083943114,85.57,62.05,5,30,0.45,9.375,2.455088734,0.838737275,33,3.375877069,12,136,3.731384542,67.13529931,6.6,1,1,0.075928468,0,0.72,0,1,3,3,0,1,0,0.474053211,0,1,-2.97600724,0,85000,24.3,98.4,6,660,12000,340000,2,1,0,0,3,0,2,1,0,0,0,0,2,1,1,4,1,13,3,5,103.603501,20343419,82059777,0.41
Ethiopia,2018,SUBSAHARAN AFRICA,42.51,0,35.51,5.46,0.12,1,4.5,24.97000046,2.325399876,40.4,30.4,8.7,56,353,27.65,4.512000084,207,58.80000038,70,54.99148863,85.4,8.5,41.7519909,41.82382496,86.83036203,38.79999924,4.556,28,57.29999924,0.977011494,26.88127957,5,1.442483978,0.463300214,27.39999981,5.325227833,3.331533564,9.15,5,33.59999847,56.1719314,0,0.285,0.083943114,84.74,59.28,5,30,0.45,9.375,2.455088734,0.838737275,34,3.375877069,12,136,3.915692271,66.56764966,4.65,1,1,0.075928468,0,0.72,0,1,3,3,0,1,0,0.474053211,0,1,-2.97600724,0,85000,24.3,98.4,8.4,660,11500,315000,2,1,0,0,3,0,2,1,0,0,0,0,2,1,1,4,1,13,3,5,106.41403,20343419,82059777,0.61
Georgia,2018,RUSSIA AND EURASIA,72.5,0,102.93,11.04,0.55,0,2,6.944999885,2.007999897,11.3,7.200000048,1.6,65,36,7.15,4.296999931,106,11.29999981,91,99.750245,96.47341,13.79685,46.4037123,99.35733514,73.47994437,11.30000019,2.879,86.30000305,100,0.653465347,100,54.30392,1.952527031,58.26634535,11.29999981,11.87718773,4.066429901,53.45,40.2,42.09999847,96.1928409,0,0.08,2.046895742,92.91,63.21,75,95,36.57,0,0.283577837,0.861185618,54,4.052733487,4.3,225,4.319555611,75.48713233,99.6,0,1,0.033859402,0,0.49,0,1,4,3,0,1,1,0.911023438,0,0,-1.609184953,1,6500,0.9,93.4,6.7,3830,350,7500,5,1,1,0,7,0,2,1,1,2,0,1,3,0,1,4,0,12,3,3,65.24462893,2151132,1568168,0.23
Ghana,2016,SUBSAHARAN AFRICA,61.03,1,89.34,8.14,0.55,0,2.5,25.14999962,1.703400016,18.8,5,4.7,54,319,28.3,4.632999897,165,61.59999847,92,85.71614763,88.87639,11.50262,63.87035272,70.96290925,94.03893664,10.89999962,1.747,14.89999962,88.69999695,1.054263566,64.06256104,16.29211,-0.512605336,8.19539136,21.79999924,6.264291763,3.02630451,18.9,39.9,42.75999832,32.2204698,10.2483871,0.1,0.404379785,78.19,60.14,0,80,45.76,67.5,8.863045372,0.845421123,47,3.773055774,6.1,54,4.178108799,78.2421008,62.5,0,0,0.062022094,0,0.67,0,1,4,4,0,1,1,0.890102608,0,0,-1.841600562,1,51900,6.9,89.9,6,1380,14000,220000,4,1,1,0,11,2,2,2,1,1,2,1,2,1,1,3,0,9,4,2,125.1733585,15442902,12763826,0.38
Ghana,2018,SUBSAHARAN AFRICA,55.83,1,89.34,8.14,0.55,0,2.5,17.57499981,1.703400016,18.75,6.3,4.7,54,319,27.6,4.632999897,165,60.19999924,92,85.70807382,88.87639,11.50262,63.87035272,72.18145463,94.03893664,10.89999962,1.747,14.89999962,88.69999695,1.054263566,71.18128052,16.29211,-0.512605336,8.19539136,21.79999962,4.332145882,3.363152255,26.8,54.75,42.75999832,32.2204698,10.2483871,0.1,0.404379785,78.19,60.14,11.11111111,80,45.76,67.5,8.863045372,0.845421123,43.5,3.773055774,6.1,54,4.1890544,72.1210504,66.5,0,0,0.062022094,0,0.67,0,1,4,4,0,1,1,0.890102608,0,0,-1.841600562,1,51900,6.9,89.9,3.2,1380,14000,225000,4,1,1,0,11,2,2,2,1,1,2,1,2,1,1,3,0,9,3,2,127.9973939,15442902,12763826,0.48
Guatemala,2016,AMERICAS,63.09,0,47,1.71,0.48,0,2.5,11.52999973,2.117799997,48,15.60000038,1.1,62,88,13.4,6.123000145,57,29.10000038,67,93.6534708,85.50401,10.69,35.7696567,95.90235336,48.96719045,13.89999962,2.599,63.90000153,92.80000305,1.232323232,78.5,43.30219,-2.951825543,35.84024278,25.79999924,2.73955965,4.028380503,23.4,4.9,55.88999939,97.4101115,5.373,0.09,0.748055041,88.06,57.71,0,86,36.57,15.38461538,12.94212051,0.722600452,28,3.288690192,39.9,105,4.213645375,50.78171035,96.7,0,1,0.016056946,1,0.51,0,1,4,4,0,1,1,0.784977124,1,1,-2.576493919,1,21300,1,97.4,0.3,3790,2400,44000,5,1,2,0,11,2,2,2,1,2,2,1,2,0,1,4,1,11,4,2,154.7504666,8344133,8238336,0.84
Guatemala,2018,AMERICAS,63.17,0,47,1.71,0.48,0,2.5,9.764999865,2.117799997,47.25,15.60000019,0.9,62,88,13.7,6.123000145,57,28.80000019,67,94.0267354,85.50401,10.69,35.7696567,97.95117668,48.96719045,13.89999962,2.599,63.90000153,92.80000305,1.232323232,82,43.30219,-2.951825543,35.84024278,25.79999962,2.719779825,3.714190252,28.95,9.4,55.88999939,97.4101115,5.373,0.095,0.748055041,88.06,57.71,0,86,36.57,15.38461538,12.94212051,0.722600452,28,3.288690192,39.9,105,4.056822688,51.39085518,96.55,0,1,0.016056946,1,0.51,0,1,4,4,0,1,1,0.784977124,1,1,-2.576493919,1,21300,1,97.4,0.3,3790,2300,44500,5,1,2,0,11,2,2,2,1,2,2,1,2,0,1,4,1,11,4,2,157.852123,8344133,8238336,0.29
Haiti,2018,AMERICAS,47.33,0,73.34,1.32,0.31,0,2.5,37.85499993,1.144000053,21.9,50.10000077,5.2,52,359,25,4.518000126,200,68,48,72.32335916,77.2,8.67,52.51736111,67.3194513,85.61353943,4.199999809,10.33,27.60000038,57.70000076,2,37.90000077,9.14997,-4.645788024,8.19539136,24.39999981,10.47192621,2.075166528,11.8,5.1,59.20999908,13.3082495,0,0.095,0.217962041,74.13,46.5,0,1,0.02,0,3.853095993,0.724139593,19.5,2.648886654,10.2,96,2.53442785,48.17280894,79.7,0,1,0.00336316,1,0.1,0,1,4,3,0,0,1,0.784466123,0,1,-2.039857967,0,70300,8.7,89.1,14.4,780,3150,77500,1,1,0,0,5,0,1,2,1,0,0,1,2,1,1,4,1,13,4,5,398.4605588,5792042,5055292,0.55
Honduras,2018,AMERICAS,61.71,0,100.49,5.3,0.33,0,3,17.86500016,1.657800078,22.7,13.49999991,1.4,64,129,10.7,4.788000107,43,19.54999981,85,95.54047708,89.33168,11.10111,23.47908745,101.7306212,51.59500908,25.79999924,1.744,82.59999847,91.19999695,1.049382716,85.44999848,49.00905,-3.520095834,24.64045897,14.7000001,4.193026662,3.659656394,24.54,17.5,56.95000076,97.4323136,15.535,0.1,1.103745103,82.13,58.64,0,35,78.98,14.28571429,7.396416813,0.745330388,30,3.432064003,90.4,153,3.972526512,53.10825738,93.6,0,0,0.032253358,1,0.19,0,1,4,4,0,1,0,0.815452084,0,1,-1.710592195,0,22800,2,72.9,8.9,2150,1000,31000,4,0,1,0,11,2,2,2,1,2,2,2,2,0,1,4,0,11,4,2,84.27168201,5086164,4026703,0.33
Hungary,2016,EUROPE,83.13,1,168.99,55.49,0.57,0,2,0,5.896999836,2.6,1.169999957,0.7,65,17,3.5,4.800000191,12,5.900000095,99,99.38648,90.81154,15.38815,17.34234234,92.47904209,75.12116131,10.10000038,4.857,98,100,1.303630363,100,95,-0.437266488,58.03842307,0,6.956402302,4.726036952,76.13,26.3,31.18000031,97.6744423,58.61916667,0.02,4.862989902,93.44,77.29,33.33333333,49,92.48,22.22222222,6.590979021,0.928094205,51,2.902592433,1.3,186,3.449497759,53.19773334,100,0,1,0.02588197,0,0.15,0,1,4,4,0,1,1,0.871682085,0,0,-1.152659028,1,4600,0,83.6,1.3,12570,100,8150,6,2,2,0,11,1,2,2,1,2,2,1,2,2,1,2,0,7,3,0,108.4063073,6946267,2867756,0.23
Hungary,2018,EUROPE,84.2,1,168.99,55.49,0.57,0,2,0.3,5.896999836,2.6,1.834999979,0.7,65,17,3.15,4.800000191,12,5.550000048,99,99.38648,90.81154,15.38815,17.34234234,95.83952105,75.12116131,10.10000038,4.857,98,100,1.303630363,100,95,-0.437266488,58.03842307,0,6.956402302,4.613018476,77.715,35.7,31.18000031,97.6744423,58.61916667,0.01,4.862989902,90.73,73.01,33.33333333,31,78.98,22.22222222,6.590979021,0.928094205,48,2.902592433,1.3,186,3.47474888,58.59886667,100,0,1,0.02588197,0,0.15,0,1,4,4,0,1,1,0.871682085,0,0,-1.152659028,1,300,0.3,83.1,1.2,12570,100,3800,6,2,2,0,11,1,2,2,1,2,2,1,2,2,1,2,0,7,2,0,108.1564564,6946267,2867756,0.26
India,2016,ASIA,61.18,1,40.35,1.95,0.47,1,4,21.25,2.981100082,38.7,15.19999981,15.1,58,174,27.7,4.565000057,167,47.70000076,83,81.13085969,93.08864,11.69659,28.03250145,49.79020979,34.67741762,12,33.88,39.59999847,94.09999847,1.565647256,78.69999695,42.43333,0.181687605,18.07498434,11.80000019,3.480498314,3.960446753,18,3.2,33.90000153,53.7647421,10.48760328,0.25,1.662873507,85.57,51.27,4.166666667,49,23.59160362,5.535055351,2.664106567,0.686575009,38,3.992122169,3.5,30,3.764837477,68.92233283,83.6,1,1,0.046961763,0,0.42,3.688879454,1,4,3,0,1,0,0.746606609,0,1,-2.701209077,1,657800,1.6,90.8,0.1,1670,19000,58500,0,0,0,0,7,0,2,1,1,2,0,1,3,0,1,4,2,14,4,5,445.4843414,439386539,884784815,1.4
India,2018,ASIA,56.77,1,40.35,1.95,0.47,1,4,13.225,2.981100082,38.7,14.84999991,15.1,58,174,26.55,4.565000057,167,45.35000038,83,83.61542985,93.08864,11.69659,28.03250145,54.1451049,34.67741762,12,33.88,39.59999847,94.09999847,1.565647256,78.94999848,42.43333,0.181687605,18.07498434,11.8000001,3.490249157,4.280223377,23.75,9.8,33.90000153,53.7647421,10.48760328,0.275,1.662873507,85.57,51.27,4.166666667,49,23.59160362,5.535055351,2.664106567,0.686575009,39,3.992122169,3.5,30,4.082418739,70.96116642,77.75,1,1,0.046961763,0,0.42,3.688879454,1,4,3,0,1,0,0.746606609,0,1,-2.701209077,1,657800,1.6,90.8,0.1,1670,1000,29000,0,0,0,0,7,0,2,1,1,2,0,1,3,0,1,4,2,14,4,5,450.211207,439386539,884784815,0.61
Indonesia,2016,ASIA,62.97,0,37.44,0.49,0.48,0,3,15.89999962,5.095499992,36.4,7.599999905,13.5,62,126,13.5,5.399000168,399,27.20000076,77,98.77800124,92.21828,12.98776,20.29580937,86.03949244,89.06439895,17.10000038,5.612,60.79999924,87.40000153,1.969387755,96,45.29918,0.110376791,49.62922175,6.900000095,5.825447083,3.816054923,17.14,24.2,38.1407547,32.5251242,0.0175,0.08,2.303781033,76.43,50.15,12.78195489,85,22.00295678,3.553299492,11.49730216,0.767806212,36,3.922269861,0.6,59,4.316818563,78.99058221,66.6,0,1,0.034511952,0,0.74,0,0,4,3,0,1,0,0.793592389,0,1,-2.730776593,1,226800,5.3,67.8,3.2,3400,38000,250000,3,1,0,0,5,0,2,1,1,1,0,1,2,0,0,4,1,11,4,5,144.3798617,140973624,120141832,0.29
Indonesia,2018,ASIA,62.04,0,37.44,0.49,0.48,0,3,10.59999981,5.095499992,36.4,7.749999953,13.5,62,126,13.6,5.399000168,399,26.80000038,77,99.23900062,92.21828,12.98776,20.29580937,86.56974622,82.67254111,17.10000038,5.612,60.79999924,87.40000153,1.969387755,96.5,45.29918,0.110376791,49.62922175,6.900000048,5.062723542,3.958027462,21.27,29.05,38.1407547,32.5251242,0.0175,0.09,2.303781033,76.43,50.15,12.78195489,85,22.00295678,3.553299492,11.49730216,0.767806212,36.5,3.922269861,0.6,59,4.458409282,80.49529111,69.55,0,1,0.034511952,0,0.74,0,0,4,3,0,1,0,0.793592389,0,1,-2.730776593,1,226800,5.3,67.8,3.2,3400,38000,280000,3,1,0,0,5,0,2,1,1,1,0,1,2,0,0,4,1,11,3,5,146.0660259,140973624,120141832,0.47
Jordan,2018,MIDDLE EAST AND NORTH AFRICA,74.31,0,91.32,4.02,0.23,1,3,0.064999998,1.45539999,7.8,4.6,2.4,64,58,10.6,5.191999912,5.5,17.74999981,98,99.10286006,97.11111,13.50864,42.0206659,89.55002744,21.85430377,12,92.44,98.59999847,96.90000153,1.317919075,99.75,95,-3.005986017,32.49915078,1.650000012,13.87467642,4.315791557,53.15,59.95,35.43000031,93.2070387,42.30464831,0.075,3.601147175,83,60.14,0,5,36.57,0,0.235717328,0.956006197,50.5,4.158718249,2,95,4.814973336,79.64899676,99.1,0,1,0.009735802,0,0.59,0,1,4,2,0,1,0,0.728765238,0,1,-1.581440911,0,300,0.5,83.1,1.3,3920,100,35500,6,0,2,0,10,1,2,2,1,2,2,1,2,0,1,4,0,11,4,3,109.8641474,8558068,897734,0.19
Latvia,2018,EUROPE,75.42,1,119.19,0.88,0.74,0,1,0.35,3.486000061,2.6,1.834999979,0.7,65,18,3.8,5.09800005,49,6.250000048,92,99.81771566,96.49659,15.24266,24.6260069,104.2947253,80.30075417,18,1.146,87.80000305,99.30000305,1.112903226,100,94.77204,2.259211356,63.20170456,0,9.812847137,4.572061031,77.815,69.2,34.81000137,96.9621167,49.625,0.1,3.786801338,90.73,83.28,75,77,60.32339702,50.76923077,13.17843089,0.987943851,56.5,3.456399357,4.7,304,4.359332141,61.80192671,100,0,0,0.030366065,0,0.59,0,1,4,4,0,1,1,0.963538266,0,0,-1.52074125,1,6700,0,85.47,24.5,14570,150,6350,6,2,1,2,11,1,2,2,1,2,2,1,2,2,1,3,0,7,2,0,31.24862496,1332897,626640,0.2
Lebanon,2018,MIDDLE EAST AND NORTH AFRICA,65.11,0,72.61,5.18,0.32,0,2.5,0,3.38380003,16.5,5.2,6.6,70,15,4.75,4.839000225,16,8.200000096,79,98.95739443,93.44093,13.7537,46.36174636,93.91829292,79.78883724,3.099999905,24.34,80.69999695,99,1.131868132,100,95,-2.049340044,44.33682606,1.899999988,6.679112339,2.328030351,75.4,49.3,27.81999969,77.1184695,15.08356164,0.08,4.66831255,88.77,64.43,0,47,17.82,0,4.177742024,0.916591604,28,2.686931697,2.2,118,3.982844733,56.23502344,99.5,0,0,0.010142187,0,0.13,4.262679877,1,4,4,0,1,0,0.739449053,0,1,-2.118915902,1,4300,0,79.2,1.2,7980,100,35500,2,0,0,0,5,0,0,1,0,1,0,1,2,2,1,4,0,12,3,4,662.7588466,5301846,704822,0.17
Malawi,2018,SUBSAHARAN AFRICA,46.24,1,77.91,5.99,0.4,0,2.5,68.75500183,2.187799931,42.4,23.30000038,3.8,51,634,22.45,4.291999817,227,59.55,85,72.51978219,96.90134,10.75378,27.53623188,70.85440613,98.93475974,16.70000076,7.853,41,90.19999695,0.977011494,10.8500001,5,-5.928134039,4.852664356,39.29999962,6.371317625,2.626693421,7.715,11.05,43.90999985,33.2039737,0,0.41,0.079231486,82.42,49.49,6.666666667,2,2.185535959,60,7.00469593,0.80521062,31,3.245054544,1.8,76,3.928059483,41.74186086,34.75,0,1,0.025972512,0,0.67,0,0,4,4,0,1,0,0.693641386,0,1,-2.192473833,1,36400,55,65,6,320,13500,530000,5,1,2,0,7,1,2,2,0,1,0,1,1,0,4,4,0,14,4,5,187.4660798,2986195,15105380,0.75
Mauritania,2016,SUBSAHARAN AFRICA,50.6,1,100.53,5.72,0.16,0,3,10.90999985,1.205900073,22,5.599999905,11.6,54,602,35.7,4.43599987,111,84.69999695,84,56.12243472,73.07767,8.50027,72.35041064,56.54885655,45.07042027,25.20000076,11.82,40,57.90000153,1.309626437,21.76255989,42.02726,-2.614189164,7.725474229,14.60000038,31.08639717,2.402306106,10.7,5.4,40.45999908,40.3669041,0,0.25,0.627225459,89.81,75.39,33.33333333,64,9.61,10,100.7343376,0.97692356,31,2.653240592,5,45,2.479041752,44.92884214,58.8,0,0,0.021973092,1,0.62,0,1,3,0,0,1,0,0.635877504,0,1,-1.641116488,0,300,4,87.56,24.5,1130,500,8100,2,1,0,0,5,1,0,2,0,1,0,1,2,0,3,4,0,11,4,5,4.039520714,2234895,2066123,1.06
Mauritania,2018,SUBSAHARAN AFRICA,51.1,1,100.53,5.72,0.16,0,3,8.554999925,1.205900073,22,5.449999953,11.6,54,602,34.7,4.43599987,111,83.04999848,84,56.11121736,73.07767,8.50027,72.35041064,58.82442828,45.07042027,25.20000076,11.82,40,57.90000153,3.74,30.28127995,42.02726,-2.614189164,7.725474229,26.10000019,20.64319859,1.951153053,14.35,17.35,40.45999908,40.3669041,0,0.275,0.627225459,89.81,75.39,33.33333333,64,9.61,10,100.7343376,0.97692356,29.5,2.653240592,5,45,2.589520876,45.46442107,62.2,0,0,0.021973092,1,0.62,0,1,3,0,0,1,0,0.635877504,0,1,-1.641116488,0,300,4,87.56,24.5,1130,500,8150,2,1,0,0,5,1,0,2,0,1,0,1,2,0,3,4,0,11,4,5,4.155842146,2234895,2066123,2.15
Mexico,2016,AMERICAS,71.49,1,76.22,3.29,0.48,0,3,2.680000067,3.581799984,13.6,5,1.6,67,38,7,7.186999798,21,13.19999981,87,98.8754158,96.06227,13.06026,18.96758703,93.16639379,55.37084517,42.40000153,17.21,85.19999695,96.09999847,1.520700101,99.09999847,86.13372,-1.580841018,48.99324553,4.199999809,4.299540043,4.117168927,44.39,13.5,47.15999985,95.8538954,37.4474987,0.04,3.876107693,82.07,69.36,58.33333333,50,24.72252393,16.47058824,4.865373586,0.680894024,35,3.109504047,21.5,210,4.001749463,39.88289365,93.4,0,0,0.010268189,1,0.54,0,1,4,4,0,1,1,0.851085955,0,0,-2.008470836,1,241000,1.04,84.4,1.6,9040,5900,91000,2,1,1,0,10,2,2,2,1,1,1,2,2,0,2,4,1,11,4,0,63.44472646,101492842,26047581,0.3
Mexico,2018,AMERICAS,70.46,1,76.22,3.29,0.48,0,3,2.790000034,3.581799984,13.6,4.6,1.6,67,38,7.4,7.186999798,21,13.89999991,87,98.8877079,96.06227,13.06026,18.96758703,94.2331969,55.37084517,42.40000153,17.21,85.19999695,96.09999847,1.520700101,99.14999924,86.13372,-1.580841018,48.99324553,8.299999905,4.299540043,4.108584464,51.945,36.2,47.15999985,95.8538954,37.4474987,0.02,3.876107693,82.07,69.36,58.33333333,50,24.72252393,16.47058824,4.865373586,0.680894024,32,3.109504047,21.5,210,4.000874732,39.94144683,94.2,0,0,0.010268189,1,0.54,0,1,4,4,0,1,1,0.851085955,0,0,-2.008470836,1,241000,1.04,84.4,1.6,9040,1100,85500,2,1,1,0,10,2,2,2,1,1,1,2,2,0,2,4,1,11,4,0,64.17967644,101492842,26047581,0.27
Mongolia,2018,ASIA,64.09,1,95.64,-37.17,0.51,0,2.5,0.289999998,1.646800041,10.8,20.05,1,60,44,10.4,4.874000072,170,20.14999981,98,98.48012288,94.74501,14.59402,28.57142857,105.5356826,82.67254111,14.5,1.583,59.70000076,64.40000153,3.74,87.68127899,27.57677,4.455996993,58.77598649,16.24999991,7.035979748,3.28312499,24.65,49.25,36.52000046,33.0325894,19.8,0.11,6.915146351,76.43,65.49,0,49,42.96421685,16.17647059,9.440664587,0.945557308,37.5,3.202003665,9.7,287,3.589201385,50.47378476,99.15,0,0,0.041046161,0,0.37,0,1,4,4,0,1,1,0.959349734,0,1,-1.571681116,1,1300,0,84.3,24.5,3590,100,26000,6,1,1,0,11,2,2,2,1,2,2,1,2,1,1,3,0,9,3,2,2.00396734,2067622,959776,1.24
Morocco,2018,MIDDLE EAST AND NORTH AFRICA,67.01,1,80.42,2.24,0.25,0,2.5,1.759999943,1.454400063,14.9,4.25,2.3,61,121,17.7,5.013000011,106,27.35000019,99,86.35503393,98.27114,11.56266,25.39414414,60.00018762,34.80663015,17,35.69,76.69999695,85.40000153,1.802867384,95.8,95,-1.353223129,25.82532288,8.300000096,9.453520203,4.528160658,57.55,29.9,40.88000107,91.0071916,39.39325,0.095,1.737915516,83.79,68.17,6.666666667,79,4.839853773,14.5631068,4.389160928,0.887012386,38,3.743168046,2.2,220,4.645167482,70.17861493,94,0,0,0.026772103,0,0.48,0,1,4,2,0,1,0,0.744320042,0,1,-1.930014036,0,72000,1.3,52.3,1.6,2850,500,7500,5,0,1,0,11,2,2,2,1,2,2,1,2,0,1,3,0,12,4,3,79.71704459,21645836,13630950,0.24
Myanmar,2016,ASIA,43.57,0.5,39.06,5.18,0.27,1,5,10,3.706600189,35.1,14.19999981,7.9,57,178,26.4,4.30700016,369,50,75,96.02813,86.37,8.627,28.65168539,112.1372032,86.63967378,12.69999981,2.845,79.59999847,80.59999847,1.117647059,52.36256027,8.29852,1.377538688,1.556402344,9.3,4.681823254,2.41677427,2.1,1,55.88999939,18.6261398,0,0.2,0.200285211,82.42,58.6,0,2,13.57,17.24137931,4.736620723,0.811821065,22,2.805820634,15.2,120,3.045765703,79.17448593,72.4,1,1,0.044919091,0,0.51,5.976350909,1,4,2,0,0,0,0.644491209,1,1,-2.743628512,1,66000,5.6,81.1,14.4,1190,9000,120000,1,0,0,0,0,0,0,0,0,0,0,1,1,0,1,4,2,12,4,5,81.22316715,15908933,36976290,0.96
Myanmar,2018,ASIA,39.8,1,39.06,5.18,0.27,1,5,10,3.706600189,35.1,15.54999991,7.9,57,178,25.45,4.30700016,369,50.4,75,90.414065,86.37,8.627,28.65168539,106.0686016,87.71139316,12.69999981,2.845,79.59999847,80.59999847,1.117647059,52.18128014,8.29852,1.377538688,1.556402344,9.3,2.740911627,2.408387135,13.6,28.65,44.43000031,18.6261398,0,0.2,0.200285211,82.42,58.6,0,2,13.57,17.24137931,4.736620723,0.811821065,26,2.805820634,15.2,120,3.022882852,77.08724297,76.85,1,1,0.044919091,0,0.51,5.976350909,1,4,2,0,0,0,0.644491209,1,1,-2.743628512,1,66000,5.6,81.1,14.4,1190,8400,120000,1,0,0,0,0,0,0,0,0,0,0,1,1,0,1,4,1,12,3,6,81.73089132,15908933,36976290,1.1
Nepal,2016,ASIA,47.55,1,48.88,0.5,0.45,0,3,14.94999981,2.747900009,37.4,7.800000191,11.3,59,258,22.2,4.513999939,158,35.79999924,88,82.35368674,98.47754,12.35305,37.06140351,50.56179775,90.53738479,29.5,4.518,45.79999924,91.59999847,1.416666667,76.30000305,18.0367,-3.055097207,8.875449877,37.40000153,3.05477643,2.740929864,15.44,10.9,32.81999969,49.8612386,0,0.1,0.159474447,84.74,44.93,0,62,8.6,3.703703704,0.746066765,0.824344677,27,3.04307165,2.9,48,3.728963096,60.46221706,42.3,0,1,0.053961723,0,0.66,0,1,4,3,0,1,0,0.779922065,0,0,-2.441723069,1,67300,4.2,88.2,2,730,1100,26000,4,1,1,0,8,0,2,2,1,1,1,1,3,1,0,4,0,9,3,1,190.1718242,5489916,23492855,0.82
Nepal,2018,ASIA,45.59,1,48.88,0.5,0.45,0,3,10.27499991,2.747900009,37.4,7.950000096,11.3,59,258,21.65,4.513999939,158,35.14999962,88,83.57684337,98.47754,12.35305,37.06140351,57.28089888,90.53738479,29.5,4.518,45.79999924,91.59999847,1.416666667,80.60000153,18.0367,-3.055097207,8.875449877,37.40000077,2.877388215,2.820464932,17.57,20.7,32.81999969,49.8612386,0,0.1,0.159474447,80.14,50.15,0,49,9.61,3.703703704,0.746066765,0.824344677,29,3.04307165,2.9,48,3.864481548,60.23110853,50.2,0,1,0.053961723,0,0.66,0,1,4,3,0,1,0,0.779922065,0,0,-2.441723069,1,67300,4.2,88.2,2,730,1050,26000,4,1,1,0,8,0,2,2,1,1,1,1,3,1,0,4,0,9,3,1,193.0554657,5489916,23492855,0.6
Nigeria,2016,SUBSAHARAN AFRICA,54.39,0,20.72,1.1,0.47,1,4.5,53.47000122,1.593699932,32.9,7,7.9,47,814,34.3,5.268000126,322,108.8000031,51,66.38354494,63.90199,8.98858,71.46788991,68.78341095,45.07042027,5.599999905,4.581,29,68.5,2.103448276,55.59999847,25.64219,-2.739045381,16.05420375,24.70000076,5.757414818,2.448035974,42.68,10.1,48.83000183,3.4815632,1.08171624,0.08,0.53749758,69.77,44.25,5,46,19.67,66.66666667,4.375789829,0.8741472,26,3.020569217,20,32,3.813756264,60.60121738,29.8,1,1,0.000493867,1,0.85,6.706862337,0,4,3,0,1,1,0.828986805,0,1,-3.423169604,1,103500,14.4,98.1,3.2,2450,50000,1100000,0,0,0,0,3,0,0,1,1,0,1,0,2,0,0,4,2,13,4,3,204.1791989,90545336,95444304,0.48
Nigeria,2018,SUBSAHARAN AFRICA,54.93,0,20.72,1.1,0.47,1,4.5,48.03500061,1.593699932,32.9,7.45,7.9,47,814,34.2,5.268000126,322,106.5500016,51,66.39177247,63.90199,8.98858,71.46788991,68.89170548,43.63636364,5.599999905,4.581,29,68.5,2.103448276,56.64999924,25.64219,-2.739045381,16.05420375,24.70000038,6.378707409,2.374017987,34.19,16.7,48.83000183,3.4815632,1.08171624,0.09,0.53749758,69.77,44.25,0,46,19.67,66.66666667,4.375789829,0.8741472,26.5,3.020569217,20,32,3.706878132,59.80060869,29.8,1,1,0.000493867,1,0.85,6.706862337,0,4,3,0,1,1,0.828986805,0,1,-3.423169604,1,103500,14.4,98.1,8.4,2450,51500,1050000,0,0,0,0,3,0,0,1,1,0,1,0,2,0,0,4,2,13,4,3,209.622094,90545336,95444304,0.76
Pakistan,2016,ASIA,53.53,0,25.31,0.89,0.27,1,4,8.300000191,2.747399807,45,22,10.5,57,178,45.5,5.193999767,270,81.09999847,63,70.76932626,71.85668,7.78876,52.60892953,49.49076624,29.96300825,20.60000038,74.35,63.5,91.40000153,1.378323108,93.59999847,36.1472,-3.052479946,7.325158128,11.10000019,5.431818485,3.484310116,13.8,0.5,30.02000046,60.8714431,3.517748412,0.12,0.94117111,67.91,52.48,0,62,35.03,18.75,0.946745761,0.866445219,30,3.054124701,7.7,39,3.469061417,57.63966888,33.6,1,1,0.039574437,1,0.71,4.394449155,1,4,2,0,0,0,0.609827381,0,0,-3.188769335,1,228800,3.8,35.1,4.8,1500,5400,29000,0,0,0,0,3,1,1,1,0,0,0,1,2,0,0,4,1,12,4,6,264.1491335,70005347,123198129,1.13
Pakistan,2018,ASIA,51.7,0,25.31,0.89,0.27,1,4,5.450000096,2.747399807,45,20.95,10.5,57,178,45.55,5.193999767,270,79.94999924,63,71.78466313,71.85668,7.78876,52.60892953,53.19538312,29.96300825,20.60000038,74.35,63.5,91.40000153,1.378323108,95.54999924,36.1472,-3.052479946,7.325158128,12.80000019,4.715909243,3.642155058,14.65,10.2,30.02000046,60.8714431,3.517748412,0.11,0.94117111,67.91,52.48,0,62,35.03,18.75,0.946745761,0.866445219,31,3.054124701,7.7,39,3.534530709,58.31983444,33.6,1,1,0.039574437,1,0.71,4.394449155,1,4,2,0,0,0,0.609827381,0,0,-3.188769335,1,228800,3.8,35.1,0.6,1500,5900,35500,0,0,0,0,3,1,1,1,0,0,0,1,2,0,0,4,1,12,4,6,269.7192261,70005347,123198129,1.68
Philippines,2016,ASIA,66.97,1,64.9,2.72,0.38,1,5,13.10999966,3.637300014,30.3,13.5,7.9,60,114,12.6,5.072999954,288,28,79,97.75079836,90.22618,11.27717,47.06397897,105.4156171,64.33121019,27.20000076,17.03,73.90000153,91.80000305,1.189907039,87.5,50.45161,-0.713209525,23.6813305,11.10000038,6.666004658,3.3050247,39.69,0,42.97999954,59.0351477,0.53125,0.11,0.867845356,77.12,49.49,47.05882353,89,8.6,17.88617886,4.092463452,0.64969738,35,3.384768242,8.8,111,4.116854763,62.26817386,90.2,1,1,0.047443987,1,0.24,7.218176838,1,4,4,0,1,1,0.676781064,0,1,-2.108474317,1,152600,0.6,70.6,2.1,3580,1000,3900,1,0,0,0,9,2,2,1,1,1,1,1,2,1,1,3,2,10,3,0,347.6671932,48018073,55302149,0.4
Philippines,2018,ASIA,64.08,1,64.9,2.72,0.38,1,5,9.45499983,3.637300014,30.3,13.65,7.9,60,114,12.6,5.072999954,288,27.55,79,97.92539918,90.22618,11.27717,47.06397897,104.3578086,64.33121019,27.20000076,17.03,73.90000153,91.80000305,1.189907039,88.3,50.45161,-0.713209525,23.6813305,11.10000019,4.733002329,3.15251235,47.595,23.2,42.97999954,59.0351477,0.53125,0.105,0.867845356,77.12,49.49,47.05882353,89,8.6,17.88617886,4.092463452,0.64969738,34.5,3.384768242,8.8,111,4.158427382,61.13408693,90.2,1,1,0.047443987,1,0.24,7.218176838,1,4,4,0,1,1,0.676781064,0,1,-2.108474317,1,152600,0.6,70.6,2.1,3580,1100,4900,1,0,0,0,9,2,2,1,1,1,1,1,2,1,1,3,2,10,3,0,352.6777493,48018073,55302149,0.77
Poland,2016,EUROPE,81.2,1.5,100.47,3.55,0.57,0,1.5,0,4.268000126,2.6,1.169999957,0.7,67,3,3.1,5.790999889,21,5.199999809,98,99.99996,96.83537,15.46559,39.27710843,98.60968511,74.96136366,27.39999962,18.96,97.19999695,98.30000305,1.782926829,100,95,0.447443109,63.58095676,0,7.363407135,4.102319517,66.6,54.9,32.72999954,99.0905077,60.72727273,0.03,8.335786819,82.03,64.09,36.36363636,76,92.48,36.68639053,6.335274343,0.967672415,62,3.199944642,1.2,217,4.297182542,66.08293484,100,0,1,0.030374457,0,0.12,0,1,4,4,0,1,1,0.848273816,0,0,-1.706677937,1,22800,0.5,52.3,2.1,12690,350,4900,6,2,1,1,12,2,2,2,1,2,2,1,2,2,1,3,0,8,2,1,124.008253,22849639,15120448,0.48
Poland,2018,EUROPE,78.72,2,100.47,3.55,0.57,0,1.5,0,4.268000126,2.6,1.834999979,0.7,67,3,2.95,5.790999889,21,4.949999905,98,99.99996,96.83537,15.46559,39.27710843,98.90484256,74.96136366,27.39999962,18.96,97.19999695,98.30000305,1.782926829,100,95,0.447443109,63.58095676,0,7.363407135,4.151159759,69.95,61.75,32.72999954,99.0905077,60.72727273,0.015,8.335786819,82.03,64.09,36.36363636,76,92.48,36.68639053,6.335274343,0.967672415,61,3.199944642,1.2,217,4.198591271,66.04146742,100,0,1,0.030374457,0,0.12,0,1,4,4,0,1,1,0.848273816,0,0,-1.706677937,1,22800,0,58.3,1.7,12690,100,1000,6,2,1,1,12,2,2,2,1,2,2,1,2,2,1,3,0,8,2,1,124.0220696,22849639,15120448,0.21
Romania,2018,EUROPE,77.88,1,83.57,3.33,0.65,0,2,2.1,4.068500042,12.8,2.5,3.5,66,31,5.3,5.124000072,81,10.05000019,89,98.99784369,85.75557,14.2108,31.1001142,92.96291749,71.96262143,13.69999981,3.243,79.09999847,100,1.176068376,100,82.76085,-0.091156769,64.78037459,0.899999988,6.053435183,3.456846232,56.79,58.9,27.42000008,96.1928409,13.055,0.015,4.210560322,93.44,77.68,100,61,36.57,20.93023256,3.270359514,0.947215258,48,3.216095861,1.7,155,4.193600638,61.27712086,99.45,0,1,0.049544012,0,0.31,0,1,4,4,0,1,1,0.83125462,0,0,-1.910182858,1,30000,1,88.96,2.1,9480,200,1000,6,0,1,0,11,1,2,2,1,2,1,1,3,2,1,4,0,8,2,0,85.13618742,10619557,9082775,0.35
Russia,2016,RUSSIA AND EURASIA,72.29,0,46.23,2.53,0.12,1,4,0,2.443199873,11.3,1.169999957,2.8,61,25,5,5.71600008,84,9.600000381,97,99.70960245,96.06178,14.68839,28.7103046,99.11816995,84.28761721,13.60000038,1.463,72.19999695,96.90000153,1.459058245,100,95,-1.711445728,184.6976969,0,5.805064678,4.12930648,70.52,60.1,40.11000061,93.8724641,21.5,0.03,12.64732838,92.9,77.29,5.737704918,31,2.185535959,6.587615283,5.379498326,0.955111828,29,3.164031726,9.2,475,3.33376613,52.87265575,100,0,1,0.006341352,1,0.25,3.988984047,1,3,3,0,1,1,0.591661661,0,0,-2.55164571,0,241000,0,83.6,2.1,9720,5000,6000,0,0,0,0,2,0,0,2,0,0,0,1,2,0,1,4,1,12,4,3,338.1119439,107050095,37292301,0.73
Russia,2018,RUSSIA AND EURASIA,69.06,0,46.23,2.53,0.12,1,4,0,2.443199873,12.7,1.169999957,2.8,61,25,5,5.71600008,84,9.600000381,97,99.70960245,96.06178,14.68839,28.7103046,99.11816995,84.28761721,13.60000038,1.463,72.19999695,96.90000153,1.459058245,100,95,-1.711445728,184.6976969,0,5.805064678,4.12930648,70.52,60.1,40.11000061,93.8724641,21.5,0.03,12.64732838,92.9,77.29,5.737704918,31,2.185535959,6.587615283,5.379498326,0.955111828,29,3.164031726,9.2,475,3.33376613,52.87265575,100,0,1,0.006341352,1,0.25,3.988984047,1,3,3,0,1,1,0.591661661,0,0,-2.55164571,0,241000,4.2,58.3,0.6,9720,5400,8100,0,0,0,0,2,0,0,2,0,0,0,1,2,0,1,4,1,12,4,3,662.7588466,107050095,37292301,0.53
Serbia,2018,EUROPE,75.28,1,107.5,6.15,0.35,0,1.5,0.150000001,5.965899944,6,5.6,3.9,65,17,3.95,5.123000145,24,6.249999905,86,99.480045,94.79516,14.38712,68.85813149,88.94230943,70.75306936,34,2.541,96.40000153,99.19999695,1.155612245,100,67.91875,-2.539192446,43.97233038,9.5,16.57105332,3.323746443,60.3,63.25,29.62000084,96.2326467,8.7885,0.01,6.799115181,93.44,77.68,5.737704918,28,36.57,0,1.183003961,0.956500163,41,2.650929063,1.2,142,3.253244277,70.39969532,99.15,0,0,0.008915212,0,0.57,0,1,4,4,0,1,1,0.781611364,0,1,-1.59847389,1,3900,1.6,91.2,1.3,5310,100,6000,6,1,2,0,11,1,2,2,1,2,2,1,2,2,0,4,0,8,2,0,80.26758518,3939250,3119072,0.16
Singapore,2018,ASIA,80.01,1,310.26,23.97,0.34,0,1.5,0.5,4.268000126,4.4,1.184999979,3.6,76,10,1.05,6.797999859,49,2.750000024,95,99.87292871,100,15.4,25.16778523,92.14460202,76.64907142,23.89999962,5.612,100,100,0.970833333,100,95,1.472378867,59.32291633,0,2.635318637,6.393812175,81.5,148.85,44.49000168,100,99.65,0.08,4.320161343,82.39,44.93,0,80,17.86980371,0,4.906385429,0.866364526,84.5,5.766091678,0.2,230,6.28414735,93.15250689,99.6,0,0,0.022921235,0,0.39,0,1,4,3,0,1,1,0.46057433,0,1,-0.481385051,0,800,0,100,0,51880,100,58500,2,2,0,1,3,0,2,0,1,1,0,1,3,2,1,3,2,7,3,2,7930.859491,5607283,0,0.34
South Africa,2016,SUBSAHARAN AFRICA,69.89,1,60.79,0.75,0.61,0,3.5,16.55999947,4.320399761,23.9,5,4.7,52,138,11,4.642000198,834,40.5,70,98.88204097,89.55526,13.55794,16.93722944,95.57440506,76.31579294,42,24.23,66.40000153,93.19999695,1.660347551,85.40000153,84.93672,-2.882389754,66.19826566,8.749999905,25.13574219,4.310185149,49,58.5,63.13999939,91.6923535,27.85875,0.09,9.257216454,84.74,59.28,13.33333333,49,20.93170052,21.21212121,17.17185941,0.780582731,44,4.096786162,31,294,5.471041663,39.80251288,85,0,1,0.004537171,0,0.75,0,1,4,4,0,1,1,0.830778531,0,1,-2.316713055,1,24000,57.7,86.1,8.4,5490,74000,1300000,4,0,2,0,11,2,2,2,1,1,2,1,3,2,4,3,0,12,4,3,46.33098451,36601070,19414403,0.45
South Africa,2018,SUBSAHARAN AFRICA,68.63,1,60.79,0.75,0.61,0,3.5,20.57999974,4.320399761,23.9,4.8,4.7,52,138,11.7,4.642000198,834,41.9,70,98.94102049,89.55526,13.55794,16.93722944,96.33720253,76.31579294,42,24.23,66.40000153,93.19999695,1.660347551,85.70000077,84.93672,-2.882389754,66.19826566,9,26.4178711,4.205092575,51.5,57.4,63.13999939,91.6923535,27.85875,0.095,9.257216454,84.74,59.28,13.33333333,49,20.93170052,21.21212121,17.17185941,0.780582731,43.5,4.096786162,31,294,5.035520832,35.40125644,85,0,1,0.004537171,0,0.75,0,1,4,4,0,1,1,0.830778531,0,1,-2.316713055,1,24000,57.7,86.1,6,5490,72500,1250000,4,0,2,0,11,2,2,2,1,1,2,1,3,2,4,3,0,12,4,3,46.98055215,36601070,19414403,0.28
Sri Lanka,2016,ASIA,58.92,1,50.01,1.1,0.5,0,3,1.690000057,3.801399946,14.7,22,21.4,65,30,5.4,4.270999908,65,9.800000191,99,98.1579253,94.13639,13.71335,29.0805417,98.54752712,46.70255631,4.900000095,24.53,95.09999847,95.59999847,1.141666667,88.66255951,25.39852,1.309471595,17.05897531,2.5,4.69761467,5.054661843,25.8,7.8,36.40000153,72.8573009,0,0.14,0.729920864,89.16,61.81,0,35,12.45,12.90322581,2.865138402,0.571313216,37,3.865479418,3.4,132,4.319000533,73.52891883,97.2,0,1,0.018874194,0,0.42,0,1,4,3,0,1,1,0.852834118,0,1,-2.456428005,1,30000,0.3,83.6,1.7,3780,500,26000,0,0,0,0,5,0,1,1,0,1,1,1,2,0,2,4,2,12,3,3,338.1119439,3882481,17320519,0.22
Sri Lanka,2018,ASIA,54.45,1,50.01,1.1,0.5,0,3,1.045000029,3.801399946,14.7,22.05,21.4,65,30,5.35,4.270999908,65,9.600000096,99,98.17896265,94.13639,13.71335,29.0805417,94.47376356,46.70255631,4.900000095,24.53,95.09999847,95.59999847,1.141666667,90.43127976,25.39852,1.309471595,17.05897531,1.75,4.398807335,4.477330922,28.95,13.5,36.40000153,72.8573009,0,0.12,0.729920864,89.16,61.81,0,35,12.45,12.90322581,2.865138402,0.571313216,37.5,3.865479418,3.4,132,4.259500267,67.76445942,97.2,0,1,0.018874194,0,0.42,0,1,4,3,0,1,1,0.852834118,0,1,-2.456428005,1,30000,0.3,83.6,1.7,3780,350,26000,0,0,0,0,5,0,1,1,0,1,1,1,2,0,2,4,2,12,4,3,341.835433,3882481,17320519,0.21
Thailand,2018,ASIA,68.15,0,121.66,0.74,0.11,1,3,0.03,3.10289979,16.3,8.450000048,6.7,66,20,7,6.454999924,171,12.2500001,99,97.34878738,95.60995,13.47211,9.185202259,94.29089102,78.20025294,6.099999905,13.07,93,97.80000305,1.493059747,100,73.86841,-0.815138754,111.9143573,8.300000096,1.0874645,4.055640929,41.195,72.6,39.36999893,75.8920724,16,0.215,4.534491539,81.8,65.49,75,67,42.96421685,53.09734513,6.351098205,0.803594608,37.5,3.43156454,5,398,4.000706137,67.70778989,99.45,1,1,0.025196228,0,0.63,3.784189634,1,1,3,0,1,1,0.175902524,0,1,-1.526046527,0,144000,1.7,83.1,3.5,5640,19000,240000,4,0,2,0,11,2,2,2,1,1,1,1,2,2,1,3,0,11,2,0,135.4497593,33362995,35500519,0.89
Tunisia,2016,MIDDLE EAST AND NORTH AFRICA,67.3,1.5,91.44,1.48,0.66,0,3,1.99000001,1.832499981,10.1,5,2.8,66,62,8.2,4.738999844,33,14,98,97.3044449,98.72154,14.62357,28.49695917,75.82018226,36.57142912,31.29999924,69.71,91.59999847,97.69999695,1.288043478,100,95,-3.158521669,23.34835359,2.099999905,14.81652355,3.673942031,46.16,30.9,36.06000137,94.5329431,27.77310217,0.07,2.402455568,87.28,73.01,0,58,17.82,1.388888889,5.817335529,0.972199378,38,3.484548739,2.2,199,4.351137597,61.79584451,99.2,0,0,0.009616641,0,0.04,0,1,4,3,0,1,1,0.800101076,0,0,-1.737196666,1,25000,1.2,58.3,1.5,3690,100,26000,2,0,0,0,7,1,2,0,1,1,0,1,2,0,4,4,2,15,3,4,72.75969361,7793664,3609584,0.77
Tunisia,2018,MIDDLE EAST AND NORTH AFRICA,64.86,1,91.44,1.48,0.66,0,3,1.295000005,1.832499981,10.1,5,2.8,66,62,8.15,4.738999844,33,13.8,98,96.75222245,98.72154,14.62357,28.49695917,80.86009113,36.57142912,31.29999924,69.71,91.59999847,97.69999695,1.288043478,99.9,95,-3.158521669,23.34835359,2.099999953,15.00826178,3.686971016,47.88,46.8,36.06000137,94.5329431,27.77310217,0.085,2.402455568,87.28,73.01,0,58,17.82,1.388888889,5.817335529,0.972199378,40,3.484548739,2.2,199,4.325568799,62.39792226,99.2,0,0,0.009616641,0,0.04,0,1,4,3,0,1,1,0.800101076,0,0,-1.737196666,1,25000,1.2,58.3,1.7,3690,100,58500,2,0,0,0,7,1,2,0,1,1,0,1,2,0,4,4,2,15,4,4,73.6005085,7793664,3609584,0.22
Uganda,2018,SUBSAHARAN AFRICA,52.66,0,47.22,2.6,0.28,1,3,32.62000084,2.019299984,33.95,32.25,4.55,50,343,20.05,3.930999994,161,53.79999924,78,85.55441447,91.48062,9.76888,56.55976676,68.66782335,95.01134462,35,1.06,19.10000038,79,1.141666667,19.28127976,5,-4.87924161,4.227783433,16.29999962,2.845167208,3.419708532,19.805,20.55,44.29999924,23.420564,0.56,0.09,0.110886574,85.57,56.92,13.33333333,7,45.76,26.66666667,5.663806122,0.755702097,25.5,3.567911081,10.7,97,3.845590238,52.51764799,29.9,0,1,0.025690565,0,0.93,5.463831805,1,4,3,0,1,1,0.579077031,0,1,-2.605993015,0,44300,85,69.4,14.4,630,24500,975000,5,0,2,0,11,2,2,2,1,1,2,1,2,1,1,3,0,12,3,0,205.3925918,9386237,32101728,0.76
Ukraine,2018,RUSSIA AND EURASIA,70.6,0,104.81,3.69,0.22,1,4,0.05,4.400799751,4,2.5,0.3,63,24,5.45,4.681000233,94,9.05,76,99.886205,97.40348,15.14135,33.61522199,99.51754386,80.95237519,12.10000038,8.471,95.90000153,96.19999695,1.368094992,100,95,-4.980210691,94.55598808,2.400000048,9.687234879,3.703549153,47.95,14.2,25.62000084,86.3429623,14.7,0.02,6.26235199,88.84,71.58,5,90,32.54,1.459854015,5.702894703,0.943358382,28.5,2.866647266,4.3,305,3.12369507,49.13282556,99.8,0,0,0.013978478,1,0.47,4.143134726,1,3,3,0,1,1,0.684341717,0,1,-1.712699873,0,86600,5.2,93.9,3.1,2310,7200,58500,0,2,0,0,3,1,0,1,0,0,0,1,2,0,1,4,1,12,4,3,77.35949266,31122512,13882133,0.67
Vietnam,2016,ASIA,64.27,0,184.69,6.14,0.2,0,3,3.230000019,5.577399731,19.4,11,5.7,66,54,11.4,5.360000134,140,21.70000076,95,97.09167345,97.96511,11.9,21.42377435,88.71989861,89.06439895,24.29999924,9.259,78,97.59999847,1.024409449,99,43.7808,-0.07219119,23.59304334,16.39999962,2.058134079,3.46707112,48.31,18.8,35.56999969,61.3066205,0.1375,0.24,1.97143352,79.24,56.92,7.692307692,3,0.45,2.777777778,9.076539684,0.74662179,31,3.407291069,3.3,145,3.909753896,60.55325259,95,0,1,0.048465601,1,0.24,0,1,0,2,0,0,0,0.559767539,0,0,-0.991591011,0,71900,3.6,85.4,2.1,2100,5300,94000,3,1,0,0,1,0,0,1,0,0,0,1,2,0,1,2,0,11,3,2,301.9922082,32635787,61933285,0.15
Vietnam,2018,ASIA,59.7,0,184.69,6.14,0.2,0,3,2.06500001,5.577399731,21.35,10.85,5.05,66,54,11.45,5.360000134,140,21.65000038,95,97.09583673,97.96511,11.9,21.42377435,91.90994931,89.06439895,24.29999924,9.259,78,97.59999847,1.024409449,99.1,43.7808,-0.07219119,23.59304334,16.39999981,2.07906704,3.53353556,47.405,32.6,35.56999969,61.3066205,0.1375,0.22,1.97143352,79.24,56.92,7.692307692,3,0.45,2.777777778,9.076539684,0.74662179,33,3.407291069,3.3,145,3.854876948,60.7766263,95.55,0,1,0.048465601,1,0.24,0,1,0,2,0,0,0,0.559767539,0,0,-0.991591011,0,71900,3.6,85.4,2.1,2100,5000,94000,3,1,0,0,1,0,0,1,0,0,0,1,2,0,1,2,0,11,3,2,305.0587271,32635787,61933285,0.45